-- phpMyAdmin SQL Dump
-- version 4.5.1
-- http://www.phpmyadmin.net
--
-- Host: 127.0.0.1
-- Generation Time: Dec 04, 2016 at 05:20 PM
-- Server version: 10.1.16-MariaDB
-- PHP Version: 5.6.24

SET SQL_MODE = "NO_AUTO_VALUE_ON_ZERO";
SET time_zone = "+00:00";


/*!40101 SET @OLD_CHARACTER_SET_CLIENT=@@CHARACTER_SET_CLIENT */;
/*!40101 SET @OLD_CHARACTER_SET_RESULTS=@@CHARACTER_SET_RESULTS */;
/*!40101 SET @OLD_COLLATION_CONNECTION=@@COLLATION_CONNECTION */;
/*!40101 SET NAMES utf8mb4 */;

--
-- Database: `moviedatabase2`
--

-- --------------------------------------------------------

--
-- Table structure for table `actedin`
--

CREATE TABLE `actedin` (
  `mid` int(11) NOT NULL,
  `aid` int(11) NOT NULL
) ENGINE=InnoDB DEFAULT CHARSET=latin1;

--
-- Dumping data for table `actedin`
--

INSERT INTO `actedin` (`mid`, `aid`) VALUES
(1, 1),
(1, 2),
(1, 3),
(1, 4),
(1, 5),
(1, 6),
(1, 7),
(1, 8),
(1, 9),
(1, 10),
(1, 11),
(1, 12),
(1, 13),
(1, 14),
(1, 15),
(2, 16),
(2, 17),
(2, 18),
(2, 19),
(2, 20),
(2, 21),
(2, 22),
(2, 23),
(2, 24),
(2, 25),
(2, 26),
(2, 27),
(2, 28),
(2, 29),
(2, 30),
(3, 17),
(3, 20),
(3, 25),
(3, 27),
(3, 29),
(3, 34),
(3, 37),
(3, 38),
(3, 39),
(3, 40),
(3, 41),
(3, 42),
(3, 43),
(3, 44),
(3, 45),
(4, 2),
(4, 46),
(4, 47),
(4, 48),
(4, 49),
(4, 50),
(4, 51),
(4, 53),
(4, 54),
(4, 55),
(4, 56),
(4, 57),
(4, 58),
(4, 59),
(4, 60),
(5, 61),
(5, 62),
(5, 63),
(5, 64),
(5, 65),
(5, 66),
(5, 67),
(5, 68),
(5, 69),
(5, 70),
(5, 71),
(5, 72),
(6, 73),
(6, 74),
(6, 75),
(6, 76),
(6, 77),
(6, 78),
(6, 79),
(6, 80),
(6, 81),
(6, 82),
(6, 83),
(6, 84),
(6, 85),
(6, 86),
(6, 87),
(7, 88),
(7, 89),
(7, 90),
(7, 91),
(7, 92),
(7, 93),
(7, 94),
(7, 95),
(7, 96),
(7, 97),
(7, 98),
(7, 99),
(7, 100),
(7, 101),
(7, 102),
(8, 103),
(8, 104),
(8, 105),
(8, 106),
(8, 107),
(8, 108),
(8, 109),
(8, 110),
(8, 111),
(8, 112),
(8, 113),
(8, 114),
(8, 115),
(8, 116),
(8, 117),
(9, 118),
(9, 119),
(9, 120),
(9, 121),
(9, 122),
(9, 123),
(9, 124),
(9, 125),
(9, 126),
(9, 127),
(9, 128),
(9, 129),
(9, 130),
(9, 131),
(9, 132),
(10, 133),
(10, 134),
(10, 135),
(10, 136),
(10, 137),
(10, 138),
(10, 139),
(10, 140),
(10, 141),
(10, 142),
(10, 143),
(10, 144),
(10, 145),
(10, 146),
(10, 147),
(11, 103),
(11, 105),
(11, 108),
(11, 109),
(11, 110),
(11, 111),
(11, 114),
(11, 148),
(11, 151),
(11, 157),
(11, 158),
(11, 159),
(11, 160),
(11, 161),
(11, 162),
(12, 163),
(12, 164),
(12, 165),
(12, 166),
(12, 167),
(12, 168),
(12, 169),
(12, 170),
(12, 171),
(12, 172),
(12, 173),
(12, 174),
(12, 175),
(12, 176),
(12, 177),
(13, 178),
(13, 179),
(13, 180),
(13, 181),
(13, 182),
(13, 183),
(13, 184),
(13, 185),
(13, 186),
(13, 187),
(13, 188),
(13, 189),
(13, 190),
(13, 191),
(13, 192),
(14, 49),
(14, 55),
(14, 193),
(14, 194),
(14, 195),
(14, 196),
(14, 197),
(14, 198),
(14, 200),
(14, 201),
(14, 202),
(14, 204),
(14, 205),
(14, 206),
(14, 207),
(15, 105),
(15, 107),
(15, 109),
(15, 110),
(15, 111),
(15, 117),
(15, 151),
(15, 161),
(15, 208),
(15, 215),
(15, 216),
(15, 217),
(15, 218),
(15, 220),
(15, 221),
(16, 223),
(16, 224),
(16, 225),
(16, 226),
(16, 227),
(16, 228),
(16, 229),
(16, 230),
(16, 231),
(16, 232),
(16, 233),
(16, 234),
(16, 235),
(16, 236),
(16, 237),
(17, 34),
(17, 44),
(17, 239),
(17, 240),
(17, 241),
(17, 242),
(17, 244),
(17, 245),
(17, 246),
(17, 247),
(17, 248),
(17, 249),
(17, 250),
(17, 252),
(18, 106),
(18, 253),
(18, 254),
(18, 255),
(18, 256),
(18, 257),
(18, 258),
(18, 259),
(18, 260),
(18, 261),
(18, 262),
(18, 263),
(18, 264),
(18, 265),
(18, 267),
(19, 268),
(19, 269),
(19, 270),
(19, 271),
(19, 272),
(19, 273),
(19, 274),
(19, 275),
(19, 276),
(19, 277),
(19, 278),
(19, 279),
(19, 280),
(19, 281),
(19, 282),
(20, 163),
(20, 164),
(20, 165),
(20, 167),
(20, 168),
(20, 169),
(20, 170),
(20, 172),
(20, 175),
(20, 286),
(20, 292),
(20, 293),
(20, 295),
(20, 296),
(20, 297),
(21, 298),
(21, 299),
(21, 300),
(21, 301),
(21, 302),
(21, 303),
(21, 304),
(21, 305),
(21, 306),
(21, 307),
(21, 308),
(21, 309),
(21, 310),
(21, 311),
(21, 312),
(22, 2),
(22, 134),
(22, 314),
(22, 315),
(22, 316),
(22, 318),
(22, 319),
(22, 320),
(22, 321),
(22, 322),
(22, 323),
(22, 324),
(22, 325),
(22, 326),
(22, 327),
(23, 328),
(23, 329),
(23, 330),
(23, 331),
(23, 332),
(23, 333),
(23, 334),
(23, 335),
(23, 336),
(23, 337),
(23, 338),
(23, 339),
(23, 340),
(23, 341),
(23, 342),
(24, 343),
(24, 344),
(24, 345),
(24, 346),
(24, 347),
(24, 348),
(24, 349),
(24, 350),
(24, 351),
(24, 352),
(24, 353),
(24, 354),
(24, 355),
(24, 356),
(24, 357),
(25, 202),
(25, 315),
(25, 358),
(25, 359),
(25, 360),
(25, 361),
(25, 363),
(25, 365),
(25, 366),
(25, 367),
(25, 368),
(25, 369),
(25, 370),
(25, 371),
(25, 372),
(26, 373),
(26, 374),
(26, 375),
(26, 376),
(26, 377),
(26, 378),
(26, 379),
(26, 380),
(26, 381),
(26, 382),
(26, 383),
(26, 384),
(26, 385),
(26, 386),
(26, 387),
(27, 51),
(27, 388),
(27, 390),
(27, 391),
(27, 392),
(27, 393),
(27, 394),
(27, 395),
(27, 396),
(27, 397),
(27, 398),
(27, 399),
(27, 400),
(27, 401),
(27, 402),
(28, 403),
(28, 404),
(28, 405),
(28, 406),
(28, 407),
(28, 408),
(28, 409),
(28, 410),
(28, 411),
(28, 412),
(28, 413),
(28, 414),
(28, 415),
(28, 416),
(28, 417),
(29, 178),
(29, 419),
(29, 420),
(29, 421),
(29, 422),
(29, 423),
(29, 424),
(29, 425),
(29, 426),
(29, 427),
(29, 428),
(29, 429),
(29, 430),
(29, 431),
(29, 432),
(30, 68),
(30, 433),
(30, 435),
(30, 436),
(30, 437),
(30, 438),
(30, 439),
(30, 440),
(30, 441),
(30, 442),
(30, 443),
(31, 133),
(31, 445),
(31, 446),
(31, 447),
(31, 448),
(31, 449),
(31, 450),
(31, 451),
(31, 452),
(31, 453),
(31, 454),
(31, 455),
(31, 456),
(31, 457),
(31, 458),
(32, 49),
(32, 459),
(32, 460),
(32, 461),
(32, 462),
(32, 463),
(32, 464),
(32, 465),
(32, 466),
(32, 467),
(32, 468),
(32, 469),
(32, 470),
(32, 471),
(32, 473),
(33, 474),
(33, 475),
(33, 476),
(33, 477),
(33, 478),
(33, 479),
(33, 480),
(33, 481),
(33, 482),
(33, 483),
(33, 484),
(33, 485),
(33, 486),
(33, 487),
(34, 61),
(34, 356),
(34, 488),
(34, 489),
(34, 490),
(34, 491),
(34, 493),
(34, 494),
(34, 496),
(34, 497),
(34, 498),
(34, 499),
(34, 500),
(35, 501),
(35, 502),
(35, 503),
(35, 504),
(35, 505),
(35, 506),
(36, 164),
(36, 508),
(36, 509),
(36, 510),
(36, 511),
(36, 512),
(36, 513),
(36, 514),
(36, 515),
(36, 516),
(36, 517),
(36, 518),
(36, 519),
(36, 520),
(36, 521),
(37, 9),
(37, 178),
(37, 421),
(37, 523),
(37, 524),
(37, 525),
(37, 526),
(37, 527),
(37, 528),
(37, 529),
(37, 530),
(37, 533),
(37, 534),
(37, 535),
(37, 536),
(38, 537),
(38, 538),
(38, 539),
(38, 540),
(38, 541),
(38, 542),
(38, 543),
(38, 544),
(38, 545),
(38, 546),
(38, 547),
(38, 548),
(38, 549),
(38, 550),
(38, 551),
(39, 504),
(39, 505),
(39, 506),
(39, 553),
(39, 554),
(39, 555),
(39, 556),
(39, 558),
(39, 560),
(39, 561),
(39, 562),
(39, 563),
(39, 564),
(39, 565),
(39, 566),
(40, 343),
(40, 568),
(40, 569),
(40, 570),
(40, 571),
(40, 572),
(40, 573),
(40, 574),
(40, 575),
(40, 576),
(40, 577),
(40, 578),
(40, 579),
(40, 580),
(41, 445),
(41, 581),
(41, 582),
(41, 584),
(41, 585),
(41, 586),
(41, 587),
(41, 588),
(41, 589),
(41, 590),
(41, 591),
(41, 592),
(41, 593),
(41, 594),
(41, 595),
(42, 596),
(42, 597),
(42, 598),
(42, 599),
(42, 600),
(42, 601),
(42, 602),
(42, 603),
(42, 604),
(42, 605),
(42, 606),
(42, 607),
(42, 608),
(42, 609),
(42, 610),
(43, 7),
(43, 193),
(43, 426),
(43, 613),
(43, 614),
(43, 615),
(43, 616),
(43, 617),
(43, 618),
(43, 619),
(43, 620),
(43, 621),
(43, 622),
(43, 624),
(43, 625),
(44, 626),
(44, 627),
(44, 628),
(44, 629),
(44, 630),
(44, 631),
(44, 632),
(44, 633),
(44, 634),
(44, 635),
(44, 636),
(44, 637),
(44, 638),
(44, 639),
(44, 640),
(45, 641),
(45, 642),
(45, 643),
(45, 644),
(45, 645),
(45, 646),
(45, 647),
(45, 648),
(45, 649),
(45, 650),
(45, 651),
(45, 652),
(45, 653),
(45, 654),
(45, 655),
(46, 656),
(46, 657),
(46, 658),
(46, 659),
(46, 660),
(46, 661),
(46, 662),
(46, 663),
(46, 664),
(46, 665),
(46, 666),
(46, 667),
(46, 668),
(46, 669),
(46, 670),
(47, 255),
(47, 258),
(47, 671),
(47, 674),
(47, 675),
(47, 676),
(47, 677),
(47, 678),
(47, 679),
(47, 680),
(47, 681),
(47, 682),
(47, 683),
(48, 16),
(48, 20),
(48, 39),
(48, 164),
(48, 254),
(48, 332),
(48, 615),
(48, 687),
(48, 688),
(48, 690),
(48, 692),
(48, 694),
(48, 696),
(48, 697),
(48, 698),
(49, 46),
(49, 49),
(49, 699),
(49, 702),
(49, 703),
(49, 704),
(49, 705),
(49, 706),
(49, 707),
(49, 708),
(49, 709),
(49, 710),
(49, 711),
(49, 712),
(49, 713),
(50, 714),
(50, 715),
(50, 716),
(50, 717),
(50, 718),
(50, 719),
(50, 720),
(50, 721),
(50, 722),
(50, 723),
(50, 724),
(50, 725),
(50, 726),
(50, 727),
(50, 728),
(51, 160),
(51, 534),
(51, 729),
(51, 730),
(51, 731),
(51, 733),
(51, 735),
(51, 736),
(51, 737),
(52, 21),
(52, 441),
(52, 716),
(52, 738),
(52, 739),
(52, 742),
(52, 743),
(52, 745),
(52, 746),
(52, 747),
(52, 748),
(52, 749),
(52, 750),
(52, 751),
(52, 752),
(53, 352),
(53, 753),
(53, 754),
(53, 755),
(53, 756),
(53, 757),
(53, 758),
(53, 759),
(53, 760),
(53, 761),
(53, 762),
(53, 763),
(53, 764),
(53, 765),
(53, 766),
(54, 505),
(54, 506),
(54, 553),
(54, 556),
(54, 769),
(54, 770),
(54, 771),
(54, 772),
(54, 773),
(54, 774),
(54, 776),
(54, 777),
(54, 778),
(54, 779),
(54, 781),
(55, 783),
(55, 784),
(55, 785),
(55, 786),
(55, 787),
(55, 788),
(55, 789),
(55, 790),
(55, 791),
(55, 792),
(55, 793),
(55, 794),
(55, 795),
(55, 796),
(55, 797),
(56, 798),
(56, 799),
(56, 800),
(56, 801),
(56, 802),
(56, 803),
(56, 804),
(56, 805),
(56, 806),
(56, 807),
(56, 808),
(56, 809),
(56, 810),
(56, 811),
(56, 812),
(57, 813),
(57, 814),
(57, 815),
(57, 816),
(57, 817),
(57, 818),
(57, 819),
(57, 820),
(57, 821),
(57, 822),
(57, 823),
(57, 824),
(57, 825),
(57, 826),
(57, 827),
(58, 92),
(58, 193),
(58, 828),
(58, 829),
(58, 831),
(58, 833),
(58, 834),
(58, 835),
(58, 836),
(58, 837),
(58, 838),
(58, 839),
(58, 840),
(58, 841),
(58, 842),
(59, 227),
(59, 613),
(59, 819),
(59, 844),
(59, 845),
(59, 847),
(59, 848),
(59, 850),
(59, 851),
(59, 852),
(59, 853),
(59, 854),
(59, 855),
(59, 856),
(59, 857),
(60, 858),
(60, 859),
(60, 860),
(60, 861),
(60, 862),
(60, 863),
(60, 864),
(60, 865),
(60, 866),
(60, 867),
(60, 868),
(60, 869),
(60, 870),
(60, 871),
(60, 872),
(61, 730),
(61, 873),
(61, 874),
(61, 875),
(61, 876),
(61, 877),
(61, 878),
(61, 879),
(61, 881),
(61, 882),
(61, 883),
(61, 884),
(61, 885),
(61, 886),
(61, 887),
(62, 2),
(62, 46),
(62, 49),
(62, 51),
(62, 194),
(62, 196),
(62, 201),
(62, 468),
(62, 896),
(62, 897),
(62, 898),
(62, 899),
(62, 900),
(62, 901),
(62, 902),
(63, 315),
(63, 470),
(63, 904),
(63, 905),
(63, 907),
(63, 908),
(63, 909),
(63, 910),
(63, 911),
(63, 912),
(63, 913),
(63, 914),
(63, 915),
(63, 916),
(63, 917),
(64, 918),
(64, 919),
(64, 920),
(64, 921),
(64, 922),
(64, 923),
(64, 924),
(64, 925),
(64, 926),
(64, 927),
(64, 928),
(64, 929),
(64, 930),
(64, 931),
(64, 932),
(65, 7),
(65, 590),
(65, 643),
(65, 730),
(65, 934),
(65, 935),
(65, 937),
(65, 938),
(65, 939),
(65, 941),
(65, 943),
(65, 944),
(65, 945),
(65, 946),
(65, 947),
(66, 948),
(66, 949),
(66, 950),
(66, 951),
(66, 952),
(66, 953),
(66, 954),
(66, 955),
(66, 956),
(66, 957),
(66, 958),
(66, 959),
(66, 960),
(66, 961),
(66, 962),
(67, 34),
(67, 40),
(67, 240),
(67, 391),
(67, 964),
(67, 965),
(67, 967),
(67, 968),
(67, 969),
(67, 972),
(67, 973),
(67, 974),
(67, 975),
(67, 976),
(67, 977),
(68, 978),
(68, 979),
(68, 980),
(68, 981),
(68, 982),
(68, 983),
(68, 984),
(68, 985),
(68, 986),
(68, 987),
(68, 988),
(68, 989),
(68, 990),
(68, 991),
(68, 992),
(69, 993),
(69, 994),
(69, 995),
(69, 996),
(69, 997),
(69, 998),
(69, 999),
(69, 1000),
(69, 1001),
(69, 1002),
(69, 1003),
(69, 1004),
(69, 1005),
(69, 1006),
(69, 1007),
(70, 771),
(70, 1008),
(70, 1009),
(70, 1010),
(70, 1011),
(70, 1012),
(70, 1014),
(70, 1015),
(70, 1016),
(70, 1017),
(70, 1018),
(70, 1019),
(70, 1020),
(71, 66),
(71, 1021),
(71, 1022),
(71, 1023),
(71, 1024),
(71, 1025),
(71, 1026),
(71, 1027),
(71, 1028),
(71, 1029),
(71, 1030),
(71, 1031),
(71, 1032),
(71, 1033),
(71, 1034),
(72, 343),
(72, 1037),
(72, 1038),
(72, 1039),
(72, 1040),
(72, 1041),
(72, 1042),
(72, 1043),
(72, 1044),
(73, 163),
(73, 164),
(73, 165),
(73, 166),
(73, 167),
(73, 168),
(73, 169),
(73, 170),
(73, 171),
(73, 172),
(73, 716),
(73, 1051),
(73, 1052),
(73, 1058),
(73, 1059),
(74, 480),
(74, 1061),
(74, 1062),
(74, 1063),
(74, 1064),
(74, 1065),
(74, 1066),
(74, 1067),
(74, 1068),
(74, 1069),
(74, 1070),
(74, 1071),
(74, 1072),
(74, 1073),
(74, 1074),
(75, 88),
(75, 836),
(75, 1075),
(75, 1077),
(75, 1078),
(75, 1079),
(75, 1080),
(75, 1081),
(75, 1082),
(75, 1083),
(75, 1084),
(75, 1085),
(75, 1086),
(75, 1088),
(75, 1089),
(76, 1090),
(76, 1091),
(76, 1092),
(76, 1093),
(76, 1094),
(76, 1095),
(76, 1096),
(76, 1097),
(76, 1098),
(76, 1099),
(76, 1100),
(76, 1101),
(76, 1102),
(76, 1103),
(76, 1104),
(77, 542),
(77, 1105),
(77, 1106),
(77, 1107),
(77, 1108),
(77, 1109),
(77, 1110),
(77, 1112),
(77, 1113),
(77, 1114),
(77, 1115),
(77, 1116),
(77, 1117),
(77, 1118),
(77, 1119),
(78, 459),
(78, 1121),
(78, 1122),
(78, 1123),
(78, 1124),
(78, 1125),
(78, 1126),
(78, 1127),
(78, 1128),
(78, 1129),
(78, 1130),
(78, 1131),
(78, 1132),
(78, 1133),
(78, 1134),
(79, 1135),
(79, 1136),
(79, 1137),
(79, 1138),
(79, 1139),
(79, 1140),
(79, 1141),
(79, 1142),
(79, 1143),
(79, 1144),
(79, 1145),
(79, 1146),
(79, 1147),
(79, 1148),
(79, 1149),
(80, 1150),
(80, 1151),
(80, 1152),
(80, 1153),
(80, 1154),
(80, 1155),
(80, 1156),
(80, 1157),
(80, 1158),
(80, 1159),
(80, 1160),
(80, 1161),
(80, 1162),
(80, 1163),
(80, 1164),
(81, 1165),
(81, 1166),
(81, 1167),
(81, 1168),
(81, 1169),
(81, 1170),
(81, 1171),
(81, 1172),
(81, 1173),
(81, 1174),
(81, 1175),
(81, 1176),
(81, 1177),
(81, 1178),
(81, 1179),
(82, 34),
(82, 328),
(82, 1180),
(82, 1181),
(82, 1182),
(82, 1183),
(82, 1184),
(82, 1185),
(82, 1186),
(82, 1187),
(82, 1188),
(82, 1190),
(82, 1191),
(82, 1193),
(82, 1194),
(83, 988),
(83, 1195),
(83, 1196),
(83, 1197),
(83, 1198),
(83, 1199),
(83, 1200),
(83, 1201),
(83, 1202),
(83, 1204),
(84, 172),
(84, 477),
(84, 1205),
(84, 1207),
(84, 1208),
(84, 1209),
(84, 1210),
(84, 1211),
(84, 1213),
(84, 1214),
(84, 1215),
(84, 1216),
(84, 1217),
(84, 1218),
(84, 1219),
(85, 20),
(85, 1220),
(85, 1221),
(85, 1222),
(85, 1223),
(85, 1224),
(85, 1225),
(85, 1226),
(85, 1227),
(85, 1228),
(85, 1229),
(85, 1230),
(85, 1232),
(85, 1233),
(85, 1234),
(86, 178),
(86, 878),
(86, 881),
(86, 1236),
(86, 1237),
(86, 1238),
(86, 1239),
(86, 1240),
(86, 1241),
(86, 1243),
(86, 1244),
(86, 1245),
(86, 1246),
(86, 1247),
(86, 1248),
(87, 1250),
(87, 1251),
(87, 1252),
(87, 1253),
(87, 1254),
(87, 1255),
(87, 1256),
(87, 1257),
(87, 1258),
(87, 1259),
(87, 1260),
(87, 1261),
(87, 1262),
(87, 1263),
(87, 1264),
(88, 170),
(88, 1265),
(88, 1266),
(88, 1267),
(88, 1268),
(88, 1269),
(88, 1270),
(88, 1271),
(88, 1272),
(88, 1273),
(88, 1275),
(88, 1276),
(88, 1277),
(88, 1278),
(88, 1279),
(89, 323),
(89, 896),
(89, 1281),
(89, 1282),
(89, 1284),
(89, 1285),
(89, 1286),
(89, 1287),
(89, 1288),
(89, 1289),
(89, 1290),
(89, 1291),
(89, 1292),
(89, 1293),
(89, 1294),
(90, 1295),
(90, 1296),
(90, 1297),
(90, 1298),
(90, 1299),
(90, 1300),
(90, 1301),
(90, 1302),
(90, 1303),
(90, 1304),
(90, 1305),
(90, 1306),
(90, 1307),
(90, 1308),
(90, 1309),
(91, 749),
(91, 1310),
(91, 1311),
(91, 1312),
(91, 1313),
(91, 1314),
(91, 1315),
(91, 1316),
(91, 1317),
(91, 1318),
(91, 1319),
(91, 1320),
(91, 1321),
(91, 1323),
(91, 1324),
(92, 1325),
(92, 1326),
(92, 1327),
(92, 1328),
(92, 1329),
(92, 1330),
(92, 1331),
(92, 1332),
(92, 1333),
(92, 1334),
(92, 1335),
(93, 178),
(93, 323),
(93, 878),
(93, 1236),
(93, 1239),
(93, 1241),
(93, 1244),
(93, 1247),
(93, 1339),
(93, 1342),
(93, 1344),
(93, 1347),
(93, 1348),
(93, 1349),
(93, 1350),
(94, 134),
(94, 360),
(94, 429),
(94, 1353),
(94, 1355),
(94, 1356),
(94, 1357),
(94, 1358),
(94, 1359),
(94, 1360),
(94, 1361),
(94, 1362),
(94, 1363),
(94, 1364),
(94, 1365),
(95, 1366),
(95, 1367),
(95, 1368),
(95, 1369),
(95, 1370),
(95, 1371),
(95, 1372),
(95, 1373),
(96, 134),
(96, 829),
(96, 1375),
(96, 1377),
(96, 1378),
(96, 1379),
(96, 1380),
(96, 1381),
(96, 1382),
(96, 1383),
(96, 1384),
(96, 1385),
(96, 1386),
(96, 1387),
(96, 1388),
(97, 506),
(97, 1389),
(97, 1390),
(97, 1391),
(98, 1393),
(98, 1394),
(98, 1395),
(98, 1396),
(98, 1397),
(98, 1398),
(98, 1399),
(98, 1400),
(98, 1401),
(98, 1402),
(98, 1403),
(98, 1404),
(98, 1405),
(98, 1406),
(98, 1407),
(99, 1408),
(99, 1409),
(99, 1410),
(99, 1411),
(99, 1412),
(99, 1413),
(99, 1414),
(99, 1415),
(99, 1416),
(99, 1417),
(99, 1418),
(99, 1419),
(99, 1420),
(99, 1421),
(99, 1422),
(100, 229),
(100, 315),
(100, 526),
(100, 656),
(100, 671),
(100, 1427),
(100, 1429),
(100, 1430),
(100, 1431),
(100, 1432),
(100, 1433),
(100, 1434),
(100, 1435),
(100, 1436),
(100, 1437),
(101, 119),
(101, 120),
(101, 122),
(101, 130),
(101, 1440),
(101, 1441),
(101, 1443),
(101, 1444),
(101, 1446),
(101, 1447),
(101, 1448),
(101, 1449),
(101, 1450),
(101, 1451),
(101, 1452),
(102, 1136),
(102, 1454),
(102, 1455),
(102, 1456),
(102, 1457),
(102, 1458),
(102, 1459),
(102, 1460),
(102, 1461),
(102, 1462),
(102, 1463),
(102, 1464),
(102, 1465),
(102, 1466),
(102, 1467),
(103, 268),
(103, 269),
(103, 273),
(103, 275),
(103, 1469),
(103, 1470),
(103, 1473),
(103, 1474),
(104, 17),
(104, 1265),
(104, 1477),
(104, 1478),
(104, 1479),
(104, 1480),
(104, 1481),
(104, 1483),
(104, 1484),
(104, 1485),
(104, 1486),
(104, 1487),
(104, 1488),
(104, 1489),
(104, 1490),
(105, 1195),
(105, 1299),
(105, 1491),
(105, 1492),
(105, 1495),
(105, 1496),
(105, 1497),
(105, 1498),
(105, 1499),
(105, 1500),
(105, 1501),
(105, 1502),
(105, 1503),
(105, 1504),
(106, 164),
(106, 511),
(106, 512),
(106, 1506),
(106, 1508),
(106, 1510),
(106, 1511),
(106, 1512),
(106, 1513),
(106, 1514),
(106, 1515),
(106, 1516),
(106, 1517),
(106, 1518),
(106, 1519),
(107, 1520),
(107, 1521),
(107, 1522),
(107, 1523),
(107, 1524),
(107, 1525),
(107, 1526),
(107, 1527),
(107, 1528),
(107, 1529),
(107, 1530),
(107, 1531),
(107, 1532),
(107, 1533),
(107, 1534),
(108, 1535),
(108, 1536),
(108, 1537),
(108, 1538),
(108, 1539),
(108, 1540),
(108, 1541),
(108, 1542),
(108, 1543),
(108, 1544),
(108, 1545),
(108, 1546),
(108, 1547),
(108, 1548),
(108, 1549),
(109, 1064),
(109, 1550),
(109, 1551),
(109, 1552),
(109, 1553),
(109, 1555),
(109, 1556),
(109, 1557),
(110, 426),
(110, 920),
(110, 1559),
(110, 1560),
(110, 1561),
(110, 1563),
(110, 1564),
(110, 1565),
(110, 1566),
(110, 1567),
(110, 1568),
(110, 1569),
(110, 1570),
(110, 1571),
(110, 1572),
(111, 570),
(111, 1573),
(111, 1574),
(111, 1575),
(111, 1576),
(111, 1577),
(111, 1578),
(111, 1579),
(111, 1580),
(111, 1581),
(111, 1583),
(111, 1584),
(111, 1585),
(111, 1586),
(111, 1587),
(112, 268),
(112, 269),
(112, 272),
(112, 273),
(112, 282),
(112, 1589),
(112, 1590),
(112, 1591),
(112, 1593),
(112, 1595),
(112, 1596),
(112, 1599),
(112, 1600),
(112, 1601),
(112, 1602),
(113, 1136),
(113, 1604),
(113, 1605),
(113, 1606),
(113, 1607),
(113, 1608),
(113, 1609),
(113, 1610),
(113, 1611),
(113, 1612),
(113, 1613),
(113, 1614),
(113, 1615),
(113, 1616),
(113, 1617),
(114, 2),
(114, 46),
(114, 49),
(114, 51),
(114, 55),
(114, 73),
(114, 197),
(114, 674),
(114, 683),
(114, 1259),
(114, 1621),
(114, 1625),
(114, 1628),
(114, 1631),
(114, 1632),
(115, 474),
(115, 1634),
(115, 1635),
(115, 1636),
(115, 1637),
(115, 1638),
(115, 1639),
(115, 1640),
(115, 1641),
(115, 1642),
(116, 1491),
(116, 1498),
(116, 1581),
(116, 1644),
(116, 1646),
(116, 1647),
(116, 1648),
(116, 1649),
(116, 1651),
(116, 1652),
(116, 1653),
(116, 1654),
(116, 1655),
(116, 1656),
(116, 1657),
(117, 878),
(117, 886),
(117, 1658),
(117, 1659),
(117, 1660),
(117, 1661),
(117, 1662),
(117, 1663),
(117, 1665),
(117, 1666),
(117, 1667),
(117, 1668),
(117, 1669),
(117, 1671),
(117, 1672),
(118, 2),
(118, 119),
(118, 660),
(118, 1674),
(118, 1677),
(118, 1678),
(118, 1679),
(118, 1680),
(118, 1681),
(118, 1682),
(118, 1683),
(118, 1684),
(118, 1685),
(118, 1686),
(118, 1687),
(119, 978),
(119, 1689),
(119, 1690),
(119, 1691),
(119, 1692),
(119, 1693),
(119, 1694),
(119, 1695),
(119, 1696),
(119, 1697),
(119, 1698),
(120, 1699),
(120, 1700),
(120, 1701),
(120, 1702),
(120, 1703),
(120, 1704),
(120, 1705),
(120, 1706),
(120, 1707),
(120, 1708),
(120, 1709),
(120, 1710),
(120, 1711),
(120, 1712),
(120, 1713),
(121, 34),
(121, 240),
(121, 246),
(121, 252),
(121, 1715),
(121, 1718),
(121, 1719),
(121, 1720),
(121, 1721),
(121, 1722),
(121, 1723),
(121, 1724),
(121, 1726),
(121, 1727),
(121, 1728),
(122, 96),
(122, 1730),
(122, 1731),
(122, 1732),
(122, 1733),
(122, 1734),
(122, 1735),
(122, 1736),
(122, 1737),
(122, 1738),
(122, 1739),
(122, 1740),
(122, 1741),
(122, 1742),
(122, 1743),
(123, 1744),
(123, 1745),
(123, 1746),
(123, 1747),
(123, 1748),
(123, 1749),
(123, 1750),
(123, 1751),
(123, 1752),
(123, 1753),
(123, 1754),
(123, 1755),
(123, 1756),
(123, 1757),
(123, 1758),
(124, 436),
(124, 1759),
(124, 1760),
(124, 1761),
(124, 1762),
(124, 1764),
(124, 1765),
(124, 1766),
(124, 1767),
(124, 1768),
(124, 1769),
(124, 1770),
(124, 1771),
(124, 1772),
(124, 1773),
(125, 17),
(125, 34),
(125, 390),
(125, 419),
(125, 1776),
(125, 1777),
(125, 1779),
(125, 1780),
(125, 1781),
(125, 1782),
(125, 1783),
(125, 1784),
(125, 1785),
(125, 1786),
(125, 1788),
(126, 613),
(126, 1790),
(126, 1791),
(126, 1792),
(126, 1793),
(126, 1794),
(126, 1795),
(126, 1796),
(126, 1797),
(126, 1798),
(126, 1799),
(126, 1800),
(126, 1801),
(126, 1802),
(126, 1803),
(127, 1607),
(127, 1804),
(127, 1806),
(127, 1807),
(127, 1808),
(127, 1809),
(127, 1810),
(127, 1811),
(127, 1812),
(127, 1813),
(127, 1814),
(127, 1815),
(127, 1816),
(127, 1817),
(127, 1818),
(128, 171),
(128, 1672),
(128, 1819),
(128, 1820),
(128, 1821),
(128, 1822),
(128, 1823),
(128, 1824),
(128, 1825),
(128, 1826),
(128, 1827),
(128, 1828),
(128, 1829),
(128, 1830),
(128, 1831),
(129, 1834),
(129, 1835),
(129, 1836),
(129, 1837),
(129, 1838),
(129, 1839),
(129, 1840),
(129, 1841),
(129, 1842),
(129, 1843),
(129, 1844),
(129, 1845),
(129, 1846),
(129, 1847),
(129, 1848),
(130, 1849),
(130, 1850),
(130, 1851),
(130, 1852),
(130, 1853),
(130, 1854),
(130, 1855),
(130, 1856),
(130, 1857),
(130, 1858),
(130, 1859),
(130, 1860),
(130, 1861),
(130, 1862),
(130, 1863),
(131, 1864),
(131, 1865),
(131, 1866),
(131, 1867),
(131, 1868),
(131, 1869),
(131, 1870),
(131, 1871),
(131, 1872),
(131, 1873),
(131, 1874),
(131, 1875),
(131, 1876),
(131, 1877),
(131, 1878),
(132, 269),
(132, 272),
(132, 274),
(132, 275),
(132, 278),
(132, 1600),
(132, 1880),
(132, 1881),
(132, 1883),
(132, 1885),
(132, 1887),
(132, 1888),
(132, 1889),
(132, 1892),
(132, 1893),
(133, 1894),
(133, 1895),
(133, 1896),
(133, 1897),
(133, 1898),
(133, 1899),
(133, 1900),
(133, 1901),
(133, 1902),
(133, 1903),
(133, 1904),
(133, 1905),
(133, 1906),
(133, 1907),
(133, 1908),
(134, 16),
(134, 30),
(134, 63),
(134, 1910),
(134, 1912),
(134, 1913),
(134, 1914),
(134, 1915),
(134, 1916),
(134, 1917),
(134, 1918),
(134, 1919),
(134, 1921),
(134, 1922),
(134, 1923),
(135, 1924),
(135, 1925),
(135, 1926),
(135, 1927),
(135, 1928),
(135, 1929),
(135, 1930),
(135, 1931),
(135, 1932),
(135, 1933),
(135, 1934),
(135, 1935),
(135, 1936),
(135, 1937),
(135, 1938),
(136, 1589),
(136, 1940),
(136, 1941),
(136, 1942),
(136, 1943),
(136, 1944),
(136, 1945),
(136, 1946),
(136, 1947),
(136, 1948),
(136, 1949),
(136, 1950),
(136, 1951),
(136, 1952),
(136, 1953),
(137, 506),
(137, 554),
(137, 1955),
(137, 1956),
(137, 1958),
(137, 1959),
(138, 172),
(138, 753),
(138, 1208),
(138, 1762),
(138, 1963),
(138, 1965),
(138, 1966),
(138, 1967),
(138, 1968),
(138, 1969),
(138, 1970),
(138, 1971),
(138, 1972),
(138, 1973),
(138, 1974),
(139, 1975),
(139, 1976),
(139, 1977),
(139, 1978),
(139, 1979),
(139, 1980),
(139, 1981),
(139, 1982),
(139, 1983),
(139, 1984),
(139, 1985),
(139, 1986),
(139, 1987),
(139, 1988),
(139, 1989),
(140, 343),
(140, 346),
(140, 348),
(140, 352),
(140, 477),
(140, 1198),
(140, 1990),
(140, 1993),
(140, 1994),
(140, 1996),
(140, 1999),
(140, 2000),
(140, 2001),
(140, 2002),
(140, 2004),
(141, 164),
(141, 819),
(141, 1625),
(141, 1803),
(141, 2007),
(141, 2008),
(141, 2009),
(141, 2010),
(141, 2011),
(141, 2012),
(141, 2014),
(141, 2016),
(141, 2017),
(141, 2018),
(141, 2019),
(142, 2020),
(142, 2021),
(142, 2022),
(142, 2023),
(142, 2024),
(142, 2025),
(142, 2026),
(142, 2027),
(142, 2028),
(142, 2029),
(142, 2030),
(142, 2031),
(142, 2032),
(142, 2033),
(143, 46),
(143, 408),
(143, 409),
(143, 411),
(143, 2034),
(143, 2035),
(143, 2036),
(143, 2039),
(143, 2041),
(143, 2042),
(143, 2043),
(143, 2044),
(143, 2046),
(143, 2047),
(143, 2048),
(144, 1353),
(144, 1356),
(144, 1362),
(144, 2050),
(144, 2051),
(144, 2053),
(144, 2054),
(144, 2055),
(144, 2056),
(144, 2058),
(144, 2059),
(144, 2060),
(144, 2061),
(144, 2062),
(144, 2063),
(145, 1457),
(145, 1851),
(145, 2064),
(145, 2065),
(145, 2066),
(145, 2067),
(145, 2069),
(145, 2070),
(145, 2072),
(145, 2073),
(145, 2074),
(145, 2075),
(145, 2076),
(145, 2077),
(145, 2078),
(146, 34),
(146, 240),
(146, 246),
(146, 361),
(146, 964),
(146, 1239),
(146, 2080),
(146, 2084),
(146, 2086),
(146, 2087),
(146, 2089),
(146, 2090),
(146, 2091),
(146, 2092),
(146, 2093),
(147, 1136),
(147, 1454),
(147, 1455),
(147, 1808),
(147, 1849),
(147, 2053),
(147, 2095),
(147, 2097),
(147, 2098),
(147, 2099),
(147, 2100),
(147, 2103),
(147, 2105),
(147, 2107),
(147, 2108),
(148, 66),
(148, 1009),
(148, 2109),
(148, 2110),
(148, 2111),
(148, 2113),
(148, 2114),
(148, 2115),
(148, 2116),
(148, 2117),
(148, 2118),
(148, 2119),
(148, 2120),
(148, 2121),
(148, 2123),
(149, 2124),
(149, 2125),
(149, 2126),
(149, 2127),
(149, 2128),
(149, 2129),
(149, 2130),
(149, 2131),
(149, 2132),
(149, 2133),
(149, 2134),
(149, 2135),
(149, 2136),
(149, 2137),
(149, 2138),
(150, 2020),
(150, 2023),
(150, 2024),
(150, 2031),
(150, 2139),
(150, 2141),
(150, 2143),
(150, 2144),
(150, 2145),
(150, 2146),
(150, 2147),
(150, 2148),
(150, 2149),
(150, 2150),
(150, 2153),
(151, 765),
(151, 2155),
(151, 2156),
(151, 2157),
(151, 2158),
(151, 2159),
(151, 2160),
(151, 2161),
(151, 2162),
(151, 2163),
(152, 338),
(152, 733),
(152, 2050),
(152, 2166),
(152, 2167),
(152, 2168),
(152, 2169),
(152, 2170),
(152, 2171),
(152, 2172),
(152, 2173),
(152, 2175),
(152, 2176),
(152, 2177),
(152, 2178),
(153, 422),
(153, 656),
(153, 1122),
(153, 1659),
(153, 2180),
(153, 2183),
(153, 2185),
(153, 2186),
(153, 2187),
(153, 2188),
(153, 2189),
(153, 2190),
(153, 2191),
(153, 2192),
(153, 2193),
(154, 2194),
(154, 2195),
(154, 2196),
(154, 2197),
(154, 2198),
(154, 2199),
(154, 2200),
(154, 2201),
(154, 2202),
(154, 2203),
(154, 2204),
(154, 2205),
(155, 196),
(155, 2206),
(155, 2208),
(155, 2209),
(155, 2210),
(155, 2211),
(155, 2212),
(155, 2213),
(155, 2214),
(155, 2215),
(155, 2216),
(155, 2217),
(155, 2218),
(155, 2219),
(155, 2220),
(156, 2221),
(156, 2222),
(156, 2223),
(156, 2224),
(156, 2225),
(156, 2226),
(156, 2227),
(156, 2228),
(156, 2229),
(156, 2230),
(156, 2231),
(156, 2232),
(156, 2233),
(156, 2234),
(156, 2235),
(157, 256),
(157, 390),
(157, 733),
(157, 2173),
(157, 2238),
(157, 2239),
(157, 2241),
(157, 2242),
(157, 2243),
(157, 2244),
(157, 2245),
(157, 2246),
(157, 2248),
(157, 2249),
(157, 2250),
(158, 2251),
(158, 2252),
(158, 2253),
(158, 2254),
(158, 2255),
(158, 2256),
(158, 2257),
(158, 2258),
(158, 2259),
(158, 2260),
(159, 193),
(159, 460),
(159, 1270),
(159, 2262),
(159, 2263),
(159, 2265),
(159, 2266),
(159, 2267),
(159, 2268),
(159, 2269),
(159, 2270),
(159, 2271),
(159, 2273),
(159, 2274),
(159, 2275),
(160, 1807),
(160, 2276),
(160, 2277),
(160, 2279),
(160, 2280),
(160, 2281),
(160, 2282),
(160, 2283),
(160, 2284),
(160, 2285),
(160, 2286),
(160, 2287),
(160, 2288),
(160, 2289),
(160, 2290),
(161, 119),
(161, 2292),
(161, 2293),
(161, 2294),
(161, 2295),
(161, 2296),
(161, 2297),
(161, 2298),
(161, 2299),
(161, 2300),
(161, 2301),
(161, 2302),
(161, 2303),
(161, 2304),
(161, 2305),
(162, 1079),
(162, 2306),
(162, 2307),
(162, 2308),
(162, 2310),
(162, 2311),
(162, 2312),
(162, 2313),
(162, 2314),
(162, 2315),
(162, 2316),
(162, 2317),
(162, 2318),
(162, 2319),
(162, 2320),
(163, 282),
(163, 1889),
(163, 2321),
(163, 2322),
(163, 2323),
(163, 2324),
(163, 2325),
(163, 2326),
(163, 2327),
(163, 2330),
(163, 2331),
(163, 2332),
(163, 2333),
(163, 2334),
(163, 2335),
(164, 568),
(164, 1012),
(164, 2336),
(164, 2338),
(164, 2340),
(164, 2341),
(164, 2342),
(164, 2343),
(164, 2344),
(164, 2345),
(165, 29),
(165, 34),
(165, 2348),
(165, 2349),
(165, 2350),
(165, 2351),
(165, 2352),
(165, 2353),
(165, 2354),
(165, 2355),
(165, 2356),
(165, 2357),
(165, 2358),
(165, 2359),
(165, 2360),
(166, 1093),
(166, 1361),
(166, 2361),
(166, 2363),
(166, 2364),
(166, 2365),
(166, 2366),
(166, 2367),
(166, 2369),
(166, 2370),
(166, 2371),
(166, 2372),
(166, 2373),
(166, 2374),
(166, 2375),
(167, 346),
(167, 2377),
(167, 2378),
(167, 2379),
(167, 2380),
(167, 2381),
(167, 2382),
(167, 2383),
(167, 2384),
(167, 2385),
(167, 2386),
(167, 2387),
(167, 2388),
(167, 2389),
(167, 2390),
(168, 1079),
(168, 1935),
(168, 2315),
(168, 2394),
(168, 2395),
(168, 2396),
(168, 2397),
(168, 2398),
(168, 2399),
(168, 2400),
(168, 2401),
(168, 2402),
(168, 2403),
(168, 2404),
(168, 2405),
(169, 909),
(169, 1186),
(169, 1661),
(169, 2189),
(169, 2407),
(169, 2408),
(169, 2409),
(169, 2410),
(169, 2413),
(169, 2414),
(169, 2415),
(169, 2416),
(169, 2417),
(169, 2418),
(169, 2419),
(170, 1025),
(170, 1575),
(170, 2421),
(170, 2422),
(170, 2424),
(170, 2425),
(170, 2426),
(170, 2427),
(170, 2428),
(170, 2429),
(170, 2430),
(170, 2432),
(170, 2433),
(170, 2434),
(170, 2435),
(171, 692),
(171, 1295),
(171, 2437),
(171, 2438),
(171, 2439),
(171, 2440),
(171, 2441),
(171, 2442),
(171, 2443),
(171, 2444),
(171, 2445),
(171, 2446),
(171, 2447),
(171, 2448),
(171, 2449),
(172, 96),
(172, 2452),
(172, 2453),
(172, 2454),
(172, 2455),
(172, 2456),
(172, 2457),
(172, 2458),
(172, 2459),
(172, 2460),
(172, 2461),
(172, 2462),
(172, 2463),
(172, 2464),
(172, 2465),
(173, 87),
(173, 926),
(173, 2466),
(173, 2467),
(173, 2468),
(173, 2469),
(173, 2471),
(173, 2472),
(173, 2473),
(173, 2474),
(173, 2475),
(173, 2476),
(173, 2477),
(173, 2479),
(173, 2480),
(174, 2262),
(174, 2481),
(174, 2482),
(174, 2483),
(174, 2484),
(174, 2486),
(174, 2487),
(174, 2488),
(174, 2489),
(174, 2490),
(174, 2491),
(174, 2492),
(174, 2493),
(175, 2366),
(175, 2413),
(175, 2494),
(175, 2495),
(175, 2496),
(175, 2497),
(175, 2499),
(175, 2500),
(175, 2501),
(175, 2503),
(175, 2504),
(175, 2505),
(175, 2506),
(175, 2507),
(175, 2508),
(176, 163),
(176, 164),
(176, 165),
(176, 167),
(176, 169),
(176, 707),
(176, 2023),
(176, 2512),
(176, 2513),
(176, 2514),
(176, 2515),
(176, 2516),
(176, 2518),
(176, 2522),
(176, 2523),
(177, 2524),
(177, 2525),
(177, 2526),
(177, 2527),
(177, 2528),
(177, 2529),
(177, 2530),
(177, 2531),
(177, 2532),
(177, 2533),
(177, 2534),
(177, 2535),
(177, 2536),
(177, 2537),
(177, 2538),
(178, 102),
(178, 1077),
(178, 2010),
(178, 2540),
(178, 2541),
(178, 2543),
(178, 2545),
(178, 2546),
(178, 2547),
(178, 2548),
(178, 2549),
(178, 2550),
(178, 2551),
(178, 2552),
(178, 2553),
(179, 2311),
(179, 2453),
(179, 2556),
(179, 2557),
(179, 2558),
(179, 2559),
(179, 2560),
(179, 2561),
(179, 2562),
(179, 2563),
(179, 2564),
(179, 2565),
(179, 2566),
(180, 1560),
(180, 2469),
(180, 2568),
(180, 2569),
(180, 2570),
(180, 2571),
(180, 2572),
(180, 2573),
(180, 2575),
(180, 2576),
(180, 2577),
(180, 2578),
(180, 2579),
(180, 2580),
(180, 2581),
(181, 913),
(181, 2582),
(181, 2583),
(181, 2584),
(181, 2585),
(181, 2586),
(181, 2588),
(181, 2589),
(181, 2590),
(181, 2591),
(181, 2592),
(181, 2593),
(181, 2594),
(181, 2595),
(181, 2596),
(182, 2597),
(182, 2598),
(182, 2599),
(182, 2600),
(182, 2601),
(182, 2602),
(182, 2603),
(182, 2604),
(182, 2605),
(182, 2606),
(182, 2607),
(182, 2608),
(182, 2609),
(182, 2610),
(182, 2611),
(183, 2612),
(183, 2613),
(183, 2614),
(183, 2615),
(183, 2616),
(183, 2617),
(183, 2618),
(183, 2619),
(183, 2620),
(184, 1059),
(184, 1393),
(184, 1394),
(184, 1395),
(184, 1396),
(184, 1397),
(184, 1398),
(184, 1400),
(184, 1401),
(184, 1403),
(184, 2627),
(184, 2631),
(184, 2633),
(184, 2634),
(184, 2635),
(185, 1380),
(185, 1700),
(185, 2636),
(185, 2638),
(185, 2640),
(185, 2641),
(185, 2642),
(185, 2643),
(185, 2644),
(185, 2645),
(185, 2646),
(185, 2647),
(185, 2648),
(185, 2649),
(185, 2650),
(186, 457),
(186, 2208),
(186, 2651),
(186, 2652),
(186, 2653),
(186, 2654),
(186, 2655),
(186, 2656),
(186, 2657),
(186, 2658),
(186, 2660),
(186, 2661),
(186, 2662),
(186, 2663),
(186, 2665),
(187, 200),
(187, 926),
(187, 1411),
(187, 2409),
(187, 2670),
(187, 2671),
(187, 2672),
(187, 2673),
(187, 2674),
(187, 2675),
(187, 2676),
(187, 2677),
(187, 2678),
(187, 2679),
(187, 2680),
(188, 1207),
(188, 1966),
(188, 2682),
(188, 2683),
(188, 2684),
(188, 2685),
(188, 2686),
(188, 2687),
(188, 2689),
(188, 2690),
(188, 2691),
(188, 2692),
(188, 2693),
(188, 2694),
(188, 2695),
(189, 2696),
(189, 2697),
(189, 2698),
(189, 2699),
(189, 2700),
(189, 2701),
(189, 2702),
(189, 2703),
(189, 2704),
(190, 20),
(190, 753),
(190, 1238),
(190, 1790),
(190, 2707),
(190, 2709),
(190, 2711),
(190, 2712),
(190, 2713),
(190, 2714),
(190, 2715),
(190, 2716),
(190, 2717),
(190, 2718),
(190, 2719),
(191, 2720),
(191, 2721),
(191, 2722),
(191, 2723),
(191, 2724),
(191, 2725),
(191, 2726),
(191, 2727),
(191, 2728),
(191, 2729),
(191, 2730),
(191, 2731),
(191, 2732),
(191, 2733),
(191, 2734),
(192, 74),
(192, 193),
(192, 533),
(192, 1255),
(192, 1784),
(192, 2023),
(192, 2048),
(192, 2299),
(192, 2739),
(192, 2742),
(192, 2745),
(192, 2746),
(192, 2747),
(192, 2748),
(192, 2749),
(193, 918),
(193, 1240),
(193, 1255),
(193, 2752),
(193, 2753),
(193, 2754),
(193, 2755),
(193, 2756),
(193, 2757),
(193, 2758),
(193, 2759),
(193, 2760),
(193, 2761),
(193, 2762),
(193, 2764),
(194, 350),
(194, 474),
(194, 479),
(194, 480),
(194, 1044),
(194, 1637),
(194, 2766),
(194, 2767),
(194, 2773),
(194, 2774),
(194, 2775),
(194, 2776),
(194, 2777),
(195, 635),
(195, 638),
(195, 1511),
(195, 2778),
(195, 2780),
(195, 2781),
(195, 2782),
(195, 2784),
(195, 2785),
(195, 2786),
(195, 2787),
(195, 2789),
(195, 2790),
(195, 2791),
(195, 2792),
(196, 2582),
(196, 2793),
(196, 2795),
(196, 2796),
(196, 2797),
(196, 2798),
(196, 2799),
(196, 2800),
(196, 2801),
(196, 2802),
(196, 2803),
(196, 2804),
(196, 2805),
(196, 2806),
(196, 2807),
(197, 1040),
(197, 1295),
(197, 1296),
(197, 1308),
(197, 2441),
(197, 2810),
(197, 2813),
(197, 2814),
(197, 2815),
(197, 2816),
(197, 2817),
(197, 2818),
(197, 2819),
(197, 2820),
(197, 2821),
(198, 196),
(198, 2824),
(198, 2825),
(198, 2826),
(198, 2827),
(198, 2828),
(198, 2829),
(198, 2830),
(198, 2831),
(198, 2832),
(198, 2833),
(198, 2834),
(198, 2835),
(198, 2836),
(198, 2837),
(199, 1112),
(199, 2838),
(199, 2840),
(199, 2841),
(199, 2842),
(199, 2843),
(199, 2844),
(199, 2845),
(199, 2846),
(199, 2847),
(199, 2848),
(199, 2849),
(199, 2850),
(199, 2851),
(199, 2852),
(200, 2853),
(200, 2854),
(200, 2855),
(200, 2856),
(200, 2857),
(200, 2858),
(200, 2859),
(200, 2860),
(200, 2861),
(200, 2862),
(200, 2863),
(200, 2864),
(200, 2865),
(200, 2866),
(200, 2867),
(201, 1976),
(201, 2868),
(201, 2869),
(201, 2870),
(201, 2871),
(201, 2872),
(201, 2873),
(201, 2874),
(201, 2875),
(201, 2877),
(201, 2878),
(201, 2879),
(201, 2880),
(201, 2881),
(201, 2882),
(202, 2883),
(202, 2884),
(202, 2885),
(202, 2886),
(202, 2887),
(202, 2888),
(202, 2889),
(202, 2890),
(202, 2891),
(202, 2892),
(202, 2893),
(202, 2894),
(202, 2895),
(202, 2896),
(202, 2897),
(203, 2020),
(203, 2024),
(203, 2899),
(203, 2900),
(204, 1208),
(204, 1966),
(204, 2902),
(204, 2904),
(204, 2905),
(204, 2906),
(204, 2907),
(204, 2908),
(204, 2909),
(204, 2910),
(204, 2911),
(204, 2912),
(204, 2913),
(205, 75),
(205, 133),
(205, 596),
(205, 1075),
(205, 1259),
(205, 1265),
(205, 2409),
(205, 2917),
(205, 2920),
(205, 2922),
(205, 2923),
(205, 2925),
(205, 2926),
(205, 2927),
(205, 2928),
(206, 2),
(206, 119),
(206, 2481),
(206, 2931),
(206, 2934),
(206, 2935),
(206, 2936),
(206, 2937),
(206, 2938),
(206, 2939),
(206, 2940),
(206, 2941),
(206, 2942),
(206, 2943),
(206, 2944),
(207, 2945),
(207, 2946),
(207, 2947),
(207, 2948),
(207, 2949),
(207, 2950),
(207, 2951),
(207, 2952),
(207, 2953),
(207, 2954),
(207, 2955),
(207, 2956),
(207, 2957),
(207, 2958),
(207, 2959),
(208, 1241),
(208, 2960),
(208, 2961),
(208, 2962),
(208, 2963),
(208, 2965),
(208, 2966),
(208, 2967),
(208, 2968),
(208, 2969),
(208, 2970),
(208, 2971),
(208, 2972),
(208, 2973),
(208, 2974),
(209, 92),
(209, 1761),
(209, 2920),
(209, 2975),
(209, 2976),
(209, 2979),
(209, 2980),
(209, 2981),
(209, 2982),
(209, 2983),
(209, 2985),
(209, 2986),
(209, 2987),
(209, 2988),
(209, 2989),
(210, 1932),
(210, 2990),
(210, 2992),
(210, 2993),
(210, 2994),
(210, 2995),
(210, 2996),
(210, 2997),
(210, 2998),
(210, 2999),
(210, 3000),
(210, 3001),
(210, 3002),
(210, 3003),
(210, 3004),
(211, 1894),
(211, 3005),
(211, 3006),
(211, 3007),
(211, 3008),
(211, 3009),
(211, 3010),
(211, 3011),
(211, 3012),
(211, 3013),
(211, 3014),
(211, 3015),
(211, 3017),
(211, 3018),
(211, 3019),
(212, 3020),
(212, 3021),
(212, 3022),
(212, 3023),
(212, 3024),
(212, 3025),
(212, 3026),
(212, 3027),
(212, 3028),
(212, 3029),
(212, 3030),
(212, 3031),
(212, 3032),
(212, 3033),
(212, 3034),
(213, 3035),
(213, 3036),
(213, 3037),
(213, 3038),
(213, 3039),
(213, 3040),
(213, 3041),
(213, 3042),
(214, 3043),
(214, 3044),
(214, 3045),
(214, 3046),
(214, 3047),
(214, 3048),
(214, 3049),
(214, 3050),
(214, 3051),
(214, 3052),
(214, 3053),
(214, 3054),
(214, 3055),
(214, 3056),
(214, 3057),
(215, 491),
(215, 500),
(215, 982),
(215, 1690),
(215, 2902),
(215, 3061),
(215, 3062),
(215, 3063),
(215, 3065),
(215, 3066),
(215, 3068),
(215, 3069),
(215, 3070),
(215, 3071),
(215, 3072),
(216, 68),
(216, 485),
(216, 3074),
(216, 3075),
(216, 3076),
(216, 3077),
(216, 3078),
(216, 3079),
(216, 3081),
(216, 3082),
(216, 3083),
(216, 3084),
(216, 3085),
(216, 3086),
(216, 3087),
(217, 1250),
(217, 3089),
(217, 3090),
(217, 3091),
(217, 3092),
(217, 3093),
(217, 3094),
(217, 3095),
(217, 3096),
(217, 3097),
(217, 3098),
(217, 3099),
(217, 3100),
(217, 3101),
(217, 3102),
(218, 25),
(218, 844),
(218, 2349),
(218, 2971),
(218, 3103),
(218, 3105),
(218, 3107),
(218, 3109),
(218, 3110),
(218, 3112),
(218, 3113),
(218, 3114),
(218, 3115),
(218, 3116),
(218, 3117),
(219, 3118),
(219, 3119),
(219, 3120),
(219, 3121),
(219, 3122),
(219, 3123),
(219, 3124),
(219, 3125),
(219, 3126),
(219, 3127),
(219, 3128),
(219, 3129),
(219, 3130),
(219, 3131),
(219, 3132),
(220, 525),
(220, 642),
(220, 3133),
(220, 3134),
(220, 3135),
(220, 3136),
(220, 3137),
(220, 3139),
(220, 3140),
(220, 3142),
(220, 3143),
(220, 3144),
(220, 3145),
(220, 3146),
(220, 3147),
(221, 74),
(221, 615),
(221, 1691),
(221, 2167),
(221, 3149),
(221, 3150),
(221, 3153),
(221, 3155),
(221, 3156),
(221, 3157),
(221, 3158),
(221, 3159),
(221, 3160),
(221, 3161),
(221, 3162),
(222, 332),
(222, 426),
(222, 1380),
(222, 1429),
(222, 1932),
(222, 2647),
(222, 3164),
(222, 3167),
(222, 3168),
(222, 3169),
(222, 3171),
(222, 3172),
(222, 3174),
(222, 3176),
(222, 3177),
(223, 2721),
(223, 2724),
(223, 3178),
(223, 3180),
(223, 3182),
(223, 3183),
(223, 3184),
(223, 3185),
(223, 3186),
(223, 3187),
(223, 3188),
(223, 3189),
(223, 3190),
(223, 3191),
(223, 3192),
(224, 27),
(224, 967),
(224, 3193),
(224, 3196),
(224, 3197),
(224, 3198),
(224, 3199),
(224, 3200),
(224, 3201),
(224, 3202),
(224, 3203),
(224, 3204),
(224, 3205),
(224, 3206),
(224, 3207),
(225, 50),
(225, 3208),
(225, 3209),
(225, 3211),
(225, 3212),
(225, 3213),
(225, 3214),
(225, 3215),
(225, 3216),
(225, 3217),
(225, 3218),
(225, 3219),
(225, 3220),
(225, 3221),
(225, 3222),
(226, 75),
(226, 141),
(226, 733),
(226, 1736),
(226, 2518),
(226, 3224),
(226, 3226),
(226, 3227),
(226, 3228),
(226, 3229),
(226, 3231),
(226, 3232),
(226, 3235),
(226, 3236),
(226, 3237),
(227, 433),
(227, 482),
(227, 3238),
(227, 3240),
(227, 3241),
(227, 3242),
(227, 3243),
(227, 3245),
(227, 3246),
(227, 3247),
(227, 3248),
(227, 3249),
(227, 3250),
(227, 3251),
(227, 3252),
(228, 171),
(228, 525),
(228, 878),
(228, 1079),
(228, 1349),
(228, 1661),
(228, 1765),
(228, 2307),
(228, 2972),
(228, 3255),
(228, 3258),
(228, 3262),
(228, 3263),
(228, 3265),
(228, 3266),
(229, 2114),
(229, 3076),
(229, 3269),
(229, 3270),
(229, 3271),
(229, 3272),
(229, 3273),
(229, 3274),
(229, 3276),
(229, 3277),
(229, 3278),
(229, 3279),
(230, 581),
(230, 582),
(230, 585),
(230, 935),
(230, 937),
(230, 938),
(230, 3283),
(230, 3285),
(230, 3286),
(230, 3288),
(230, 3289),
(230, 3290),
(230, 3291),
(230, 3293),
(230, 3294),
(231, 677),
(231, 2923),
(231, 3296),
(231, 3297),
(231, 3299),
(231, 3300),
(231, 3301),
(231, 3302),
(231, 3303),
(231, 3304),
(231, 3305),
(231, 3306),
(231, 3307),
(231, 3308),
(231, 3309),
(232, 699),
(232, 3208),
(232, 3312),
(232, 3313),
(232, 3314),
(232, 3315),
(232, 3316),
(232, 3317),
(232, 3318),
(232, 3319),
(232, 3320),
(232, 3321),
(232, 3322),
(232, 3323),
(232, 3324),
(233, 96),
(233, 3325),
(233, 3327),
(233, 3328),
(233, 3329),
(233, 3330),
(233, 3331),
(233, 3332),
(233, 3333),
(233, 3334),
(233, 3335),
(233, 3336),
(233, 3337),
(233, 3338),
(233, 3339),
(234, 1297),
(234, 2792),
(234, 3340),
(234, 3343),
(234, 3344),
(234, 3345),
(234, 3346),
(234, 3347),
(234, 3348),
(234, 3349),
(234, 3350),
(234, 3351),
(234, 3352),
(234, 3353),
(234, 3354),
(235, 848),
(235, 1151),
(235, 1163),
(235, 1314),
(235, 1966),
(235, 3355),
(235, 3356),
(235, 3358),
(235, 3359),
(235, 3360),
(235, 3361),
(235, 3362),
(235, 3363),
(235, 3364),
(235, 3366),
(236, 3370),
(236, 3371),
(236, 3372),
(236, 3373),
(236, 3374),
(236, 3375),
(236, 3376),
(236, 3377),
(236, 3378),
(236, 3379),
(236, 3380),
(236, 3381),
(236, 3382),
(236, 3383),
(236, 3384),
(237, 178),
(237, 193),
(237, 615),
(237, 1408),
(237, 2298),
(237, 2349),
(237, 3389),
(237, 3391),
(237, 3393),
(237, 3394),
(237, 3395),
(237, 3396),
(237, 3397),
(237, 3398),
(237, 3399),
(238, 982),
(238, 2767),
(238, 2908),
(238, 3400),
(238, 3401),
(238, 3402),
(238, 3403),
(238, 3404),
(238, 3406),
(238, 3407),
(238, 3409),
(238, 3411),
(238, 3412),
(238, 3413),
(238, 3414),
(239, 3415),
(239, 3416),
(239, 3417),
(239, 3418),
(239, 3419),
(239, 3420),
(239, 3421),
(239, 3422),
(239, 3423),
(239, 3424),
(239, 3425),
(239, 3426),
(239, 3427),
(239, 3428),
(239, 3429),
(240, 496),
(240, 1016),
(240, 1025),
(240, 3430),
(240, 3431),
(240, 3432),
(240, 3435),
(240, 3436),
(240, 3437),
(240, 3438),
(240, 3439),
(240, 3441),
(241, 15),
(241, 360),
(241, 524),
(241, 669),
(241, 3442),
(241, 3443),
(241, 3444),
(241, 3445),
(241, 3446),
(241, 3448),
(241, 3449),
(241, 3450),
(241, 3452),
(241, 3455),
(241, 3456),
(242, 3457),
(242, 3458),
(242, 3459),
(242, 3460),
(242, 3461),
(242, 3462),
(242, 3463),
(242, 3464),
(242, 3465),
(243, 17),
(243, 29),
(243, 1126),
(243, 1298),
(243, 2971),
(243, 3466),
(243, 3467),
(243, 3469),
(243, 3471),
(243, 3473),
(243, 3474),
(243, 3475),
(243, 3477),
(243, 3478),
(243, 3480),
(244, 172),
(244, 2906),
(244, 3481),
(244, 3482),
(244, 3483),
(244, 3485),
(244, 3486),
(244, 3487),
(244, 3488),
(244, 3489),
(244, 3491),
(244, 3492),
(244, 3493),
(244, 3494),
(244, 3495),
(245, 110),
(245, 2416),
(245, 2676),
(245, 3499),
(245, 3500),
(245, 3501),
(245, 3502),
(245, 3503),
(245, 3504),
(245, 3505),
(245, 3506),
(245, 3507),
(245, 3508),
(245, 3509),
(245, 3510),
(246, 909),
(246, 3142),
(246, 3312),
(246, 3511),
(246, 3513),
(246, 3515),
(246, 3516),
(246, 3518),
(246, 3519),
(246, 3520),
(246, 3521),
(246, 3522),
(246, 3523),
(246, 3524),
(246, 3525),
(247, 3499),
(247, 3526),
(247, 3528),
(247, 3529),
(247, 3530),
(247, 3531),
(247, 3532),
(247, 3533),
(247, 3534),
(247, 3535),
(247, 3536),
(247, 3537),
(247, 3538),
(247, 3539),
(247, 3540),
(248, 3541),
(248, 3542),
(248, 3543),
(248, 3544),
(248, 3545),
(248, 3546),
(248, 3547),
(248, 3548),
(248, 3549),
(248, 3550),
(248, 3551),
(248, 3552),
(249, 3380),
(249, 3553),
(249, 3554),
(249, 3555),
(249, 3556),
(249, 3558),
(249, 3559),
(249, 3560),
(249, 3561),
(249, 3562),
(249, 3563),
(249, 3564),
(249, 3565),
(249, 3566),
(249, 3567),
(250, 1140),
(250, 3568),
(250, 3569),
(250, 3570),
(250, 3571),
(250, 3572),
(250, 3573),
(250, 3574),
(250, 3575),
(250, 3576),
(250, 3578),
(250, 3579),
(250, 3580),
(250, 3581),
(250, 3582);

-- --------------------------------------------------------

--
-- Table structure for table `actors`
--

CREATE TABLE `actors` (
  `id` int(11) NOT NULL,
  `name` varchar(50) NOT NULL,
  `gender` char(1) NOT NULL
) ENGINE=InnoDB DEFAULT CHARSET=latin1;

--
-- Dumping data for table `actors`
--

INSERT INTO `actors` (`id`, `name`, `gender`) VALUES
(1, 'Tim Robbins', ''),
(2, 'Morgan Freeman', ''),
(3, 'Bob Gunton', ''),
(4, 'William Sadler', ''),
(5, 'Clancy Brown', ''),
(6, 'Gil Bellows', ''),
(7, 'Mark Rolston', ''),
(8, 'James Whitmore', ''),
(9, 'Jeffrey DeMunn', ''),
(10, 'Larry Brandenburg', ''),
(11, 'Neil Giuntoli', ''),
(12, 'Brian Libby', ''),
(13, 'David Proval', ''),
(14, 'Joseph Ragno', ''),
(15, 'Jude Ciccolella', ''),
(16, 'Marlon Brando', ''),
(17, 'Al Pacino', ''),
(18, 'James Caan', ''),
(19, 'Richard S. Castellano', ''),
(20, 'Robert Duvall', ''),
(21, 'Sterling Hayden', ''),
(22, 'John Marley', ''),
(23, 'Richard Conte', ''),
(24, 'Al Lettieri', ''),
(25, 'Diane Keaton', ''),
(26, 'Abe Vigoda', ''),
(27, 'Talia Shire', ''),
(28, 'Gianni Russo', ''),
(29, 'John Cazale', ''),
(30, 'Rudy Bond', ''),
(34, 'Robert De Niro', ''),
(37, 'Lee Strasberg', ''),
(38, 'Michael V. Gazzo', ''),
(39, 'G.D. Spradlin', ''),
(40, 'Richard Bright', ''),
(41, 'Gastone Moschin', ''),
(42, 'Tom Rosqui', ''),
(43, 'Bruno Kirby', ''),
(44, 'Frank Sivero', ''),
(45, 'Francesca De Sapio', ''),
(46, 'Christian Bale', ''),
(47, 'Heath Ledger', ''),
(48, 'Aaron Eckhart', ''),
(49, 'Michael Caine', ''),
(50, 'Maggie Gyllenhaal', ''),
(51, 'Gary Oldman', ''),
(53, 'Monique Gabriela Curnen', ''),
(54, 'Ron Dean', ''),
(55, 'Cillian Murphy', ''),
(56, 'Chin Han', ''),
(57, 'Nestor Carbonell', ''),
(58, 'Eric Roberts', ''),
(59, 'Ritchie Coster', ''),
(60, 'Anthony Michael Hall', ''),
(61, 'Martin Balsam', ''),
(62, 'John Fiedler', ''),
(63, 'Lee J. Cobb', ''),
(64, 'E.G. Marshall', ''),
(65, 'Jack Klugman', ''),
(66, 'Edward Binns', ''),
(67, 'Jack Warden', ''),
(68, 'Henry Fonda', ''),
(69, 'Joseph Sweeney', ''),
(70, 'Ed Begley', ''),
(71, 'George Voskovec', ''),
(72, 'Robert Webber', ''),
(73, 'Liam Neeson', ''),
(74, 'Ben Kingsley', ''),
(75, 'Ralph Fiennes', ''),
(76, 'Caroline Goodall', ''),
(77, 'Jonathan Sagall', ''),
(78, 'Embeth Davidtz', ''),
(79, 'Malgorzata Gebel', ''),
(80, 'Shmuel Levy', ''),
(81, 'Mark Ivanir', ''),
(82, 'Béatrice Macola', ''),
(83, 'Andrzej Seweryn', ''),
(84, 'Friedrich von Thun', ''),
(85, 'Krzysztof Luft', ''),
(86, 'Harry Nehring', ''),
(87, 'Norbert Weisser', ''),
(88, 'Tim Roth', ''),
(89, 'Amanda Plummer', ''),
(90, 'Laura Lovelace', ''),
(91, 'John Travolta', ''),
(92, 'Samuel L. Jackson', ''),
(93, 'Phil LaMarr', ''),
(94, 'Frank Whaley', ''),
(95, 'Burr Steers', ''),
(96, 'Bruce Willis', ''),
(97, 'Ving Rhames', ''),
(98, 'Paul Calderon', ''),
(99, 'Bronagh Gallagher', ''),
(100, 'Rosanna Arquette', ''),
(101, 'Eric Stoltz', ''),
(102, 'Uma Thurman', ''),
(103, 'Noel Appleby', ''),
(104, 'Ali Astin', ''),
(105, 'Sean Astin', ''),
(106, 'David Aston', ''),
(107, 'John Bach', ''),
(108, 'Sean Bean', ''),
(109, 'Cate Blanchett', ''),
(110, 'Orlando Bloom', ''),
(111, 'Billy Boyd', ''),
(112, 'Sadwyn Brophy', ''),
(113, 'Alistair Browning', ''),
(114, 'Marton Csokas', ''),
(115, 'Richard Edge', ''),
(116, 'Jason Fitch', ''),
(117, 'Bernard Hill', ''),
(118, 'Eli Wallach', ''),
(119, 'Clint Eastwood', ''),
(120, 'Lee Van Cleef', ''),
(121, 'Aldo Giuffrè', ''),
(122, 'Luigi Pistilli', ''),
(123, 'Rada Rassimov', ''),
(124, 'Enzo Petito', ''),
(125, 'Claudio Scarchilli', ''),
(126, 'John Bartha', ''),
(127, 'Livio Lorenzon', ''),
(128, 'Antonio Casale', ''),
(129, 'Sandro Scarchilli', ''),
(130, 'Benito Stefanelli', ''),
(131, 'Angelo Novi', ''),
(132, 'Antonio Casas', ''),
(133, 'Edward Norton', ''),
(134, 'Brad Pitt', ''),
(135, 'Meat Loaf', ''),
(136, 'Zach Grenier', ''),
(137, 'Richmond Arquette', ''),
(138, 'David Andrews', ''),
(139, 'George Maguire', ''),
(140, 'Eugenie Bondurant', ''),
(141, 'Helena Bonham Carter', ''),
(142, 'Christina Cabot', ''),
(143, 'Sydney ''Big Dawg'' Colston', ''),
(144, 'Rachel Singer', ''),
(145, 'Christie Cronenweth', ''),
(146, 'Tim DeZarn', ''),
(147, 'Ezra Buzzington', ''),
(148, 'Alan Howard', ''),
(151, 'Sala Baker', ''),
(157, 'Megan Edwards', ''),
(158, 'Michael Elsworth', ''),
(159, 'Mark Ferguson', ''),
(160, 'Ian Holm', ''),
(161, 'Christopher Lee', ''),
(162, 'Lawrence Makoare', ''),
(163, 'Mark Hamill', ''),
(164, 'Harrison Ford', ''),
(165, 'Carrie Fisher', ''),
(166, 'Billy Dee Williams', ''),
(167, 'Anthony Daniels', ''),
(168, 'David Prowse', ''),
(169, 'Peter Mayhew', ''),
(170, 'Kenny Baker', ''),
(171, 'Frank Oz', ''),
(172, 'Alec Guinness', ''),
(173, 'Jeremy Bulloch', ''),
(174, 'John Hollis', ''),
(175, 'Jack Purvis', ''),
(176, 'Des Webb', ''),
(177, 'Clive Revill', ''),
(178, 'Tom Hanks', ''),
(179, 'Rebecca Williams', ''),
(180, 'Sally Field', ''),
(181, 'Michael Conner Humphreys', ''),
(182, 'Harold G. Herthum', ''),
(183, 'George Kelly', ''),
(184, 'Bob Penny', ''),
(185, 'John Randall', ''),
(186, 'Sam Anderson', ''),
(187, 'Margo Moorer', ''),
(188, 'Ione M. Telech', ''),
(189, 'Christine Seabrook', ''),
(190, 'John Worsham', ''),
(191, 'Peter Dobson', ''),
(192, 'Siobhan Fallon Hogan', ''),
(193, 'Leonardo DiCaprio', ''),
(194, 'Joseph Gordon-Levitt', ''),
(195, 'Ellen Page', ''),
(196, 'Tom Hardy', ''),
(197, 'Ken Watanabe', ''),
(198, 'Dileep Rao', ''),
(200, 'Tom Berenger', ''),
(201, 'Marion Cotillard', ''),
(202, 'Pete Postlethwaite', ''),
(204, 'Lukas Haas', ''),
(205, 'Tai-Li Lee', ''),
(206, 'Claire Geare', ''),
(207, 'Magnus Nolan', ''),
(208, 'Bruce Allpress', ''),
(215, 'Jed Brophy', ''),
(216, 'Sam Comery', ''),
(217, 'Brad Dourif', ''),
(218, 'Calum Gittins', ''),
(220, 'Bruce Hopkins', ''),
(221, 'Paris Howe Strewe', ''),
(223, 'Michael Berryman', ''),
(224, 'Peter Brocco', ''),
(225, 'Dean R. Brooks', ''),
(226, 'Alonzo Brown', ''),
(227, 'Scatman Crothers', ''),
(228, 'Mwako Cumbuka', ''),
(229, 'Danny DeVito', ''),
(230, 'William Duell', ''),
(231, 'Josip Elic', ''),
(232, 'Lan Fendors', ''),
(233, 'Louise Fletcher', ''),
(234, 'Nathan George', ''),
(235, 'Ken Kenny', ''),
(236, 'Mel Lambert', ''),
(237, 'Sydney Lassick', ''),
(239, 'Ray Liotta', ''),
(240, 'Joe Pesci', ''),
(241, 'Lorraine Bracco', ''),
(242, 'Paul Sorvino', ''),
(244, 'Tony Darrow', ''),
(245, 'Mike Starr', ''),
(246, 'Frank Vincent', ''),
(247, 'Chuck Low', ''),
(248, 'Frank DiLeo', ''),
(249, 'Henny Youngman', ''),
(250, 'Gina Mastrogiacomo', ''),
(252, 'Charles Scorsese', ''),
(253, 'Keanu Reeves', ''),
(254, 'Laurence Fishburne', ''),
(255, 'Carrie-Anne Moss', ''),
(256, 'Hugo Weaving', ''),
(257, 'Gloria Foster', ''),
(258, 'Joe Pantoliano', ''),
(259, 'Marcus Chong', ''),
(260, 'Julian Arahanga', ''),
(261, 'Matt Doran', ''),
(262, 'Belinda McClory', ''),
(263, 'Anthony Ray Parker', ''),
(264, 'Paul Goddard', ''),
(265, 'Robert Taylor', ''),
(267, 'Marc Aden Gray', ''),
(268, 'Toshirô Mifune', ''),
(269, 'Takashi Shimura', ''),
(270, 'Keiko Tsushima', ''),
(271, 'Yukiko Shimazaki', ''),
(272, 'Kamatari Fujiwara', ''),
(273, 'Daisuke Katô', ''),
(274, 'Isao Kimura', ''),
(275, 'Minoru Chiaki', ''),
(276, 'Seiji Miyaguchi', ''),
(277, 'Yoshio Kosugi', ''),
(278, 'Bokuzen Hidari', ''),
(279, 'Yoshio Inaba', ''),
(280, 'Yoshio Tsuchiya', ''),
(281, 'Kokuten Kôdô', ''),
(282, 'Eijirô Tôno', ''),
(286, 'Peter Cushing', ''),
(292, 'Phil Brown', ''),
(293, 'Shelagh Fraser', ''),
(295, 'Alex McCrindle', ''),
(296, 'Eddie Byrne', ''),
(297, 'Drewe Henley', ''),
(298, 'Alexandre Rodrigues', ''),
(299, 'Leandro Firmino', ''),
(300, 'Phellipe Haagensen', ''),
(301, 'Douglas Silva', ''),
(302, 'Jonathan Haagensen', ''),
(303, 'Matheus Nachtergaele', ''),
(304, 'Seu Jorge', ''),
(305, 'Jefechander Suplino', ''),
(306, 'Alice Braga', ''),
(307, 'Emerson Gomes', ''),
(308, 'Edson Oliveira', ''),
(309, 'Michel de Souza', ''),
(310, 'Roberta Rodrigues', ''),
(311, 'Luis Otávio', ''),
(312, 'Maurício Marques', ''),
(314, 'Andrew Kevin Walker', ''),
(315, 'Kevin Spacey', ''),
(316, 'Daniel Zacapa', ''),
(318, 'Gwyneth Paltrow', ''),
(319, 'John Cassini', ''),
(320, 'Bob Mack', ''),
(321, 'Peter Crombie', ''),
(322, 'Reg E. Cathey', ''),
(323, 'R. Lee Ermey', ''),
(324, 'George Christy', ''),
(325, 'Endre Hules', ''),
(326, 'Hawthorne James', ''),
(327, 'William Davidson', ''),
(328, 'Jodie Foster', ''),
(329, 'Lawrence A. Bonney', ''),
(330, 'Kasi Lemmons', ''),
(331, 'Lawrence T. Wrentz', ''),
(332, 'Scott Glenn', ''),
(333, 'Anthony Heald', ''),
(334, 'Frankie Faison', ''),
(335, 'Don Brockett', ''),
(336, 'Frank Seals Jr.', ''),
(337, 'Stuart Rudin', ''),
(338, 'Anthony Hopkins', ''),
(339, 'Maria Skorobogatov', ''),
(340, 'Jeffrie Lane', ''),
(341, 'Leib Lensky', ''),
(342, 'George ''Red'' Schwartz', ''),
(343, 'James Stewart', ''),
(344, 'Donna Reed', ''),
(345, 'Lionel Barrymore', ''),
(346, 'Thomas Mitchell', ''),
(347, 'Henry Travers', ''),
(348, 'Beulah Bondi', ''),
(349, 'Frank Faylen', ''),
(350, 'Ward Bond', ''),
(351, 'Gloria Grahame', ''),
(352, 'H.B. Warner', ''),
(353, 'Todd Karns', ''),
(354, 'Samuel S. Hinds', ''),
(355, 'Mary Treen', ''),
(356, 'Frank Albertson', ''),
(357, 'Virginia Patton', ''),
(358, 'Stephen Baldwin', ''),
(359, 'Gabriel Byrne', ''),
(360, 'Benicio Del Toro', ''),
(361, 'Kevin Pollak', ''),
(363, 'Chazz Palminteri', ''),
(365, 'Suzy Amis', ''),
(366, 'Giancarlo Esposito', ''),
(367, 'Dan Hedaya', ''),
(368, 'Paul Bartel', ''),
(369, 'Carl Bressler', ''),
(370, 'Phillipe Simon', ''),
(371, 'Jack Shearer', ''),
(372, 'Christine Estabrook', ''),
(373, 'Roberto Benigni', ''),
(374, 'Nicoletta Braschi', ''),
(375, 'Giorgio Cantarini', ''),
(376, 'Giustino Durano', ''),
(377, 'Sergio Bini Bustric', ''),
(378, 'Marisa Paredes', ''),
(379, 'Horst Buchholz', ''),
(380, 'Giuliana Lojodice', ''),
(381, 'Amerigo Fontani', ''),
(382, 'Pietro De Silva', ''),
(383, 'Francesco Guzzo', ''),
(384, 'Raffaella Lebboroni', ''),
(385, 'Claudio Alfonsi', ''),
(386, 'Gil Baroni', ''),
(387, 'Massimo Bianchi', ''),
(388, 'Jean Reno', ''),
(390, 'Natalie Portman', ''),
(391, 'Danny Aiello', ''),
(392, 'Peter Appel', ''),
(393, 'Willi One Blood', ''),
(394, 'Don Creech', ''),
(395, 'Keith A. Glascoe', ''),
(396, 'Randolph Scott', ''),
(397, 'Michael Badalucco', ''),
(398, 'Ellen Greene', ''),
(399, 'Elizabeth Regen', ''),
(400, 'Carl J. Matusovich', ''),
(401, 'Frank Senger', ''),
(402, 'Lucius Wyatt Cherokee', ''),
(403, 'Rumi Hiiragi', ''),
(404, 'Miyu Irino', ''),
(405, 'Mari Natsuki', ''),
(406, 'Takashi Naitô', ''),
(407, 'Yasuko Sawaguchi', ''),
(408, 'Tatsuya Gashûin', ''),
(409, 'Ryûnosuke Kamiki', ''),
(410, 'Yumi Tamai', ''),
(411, 'Yô Ôizumi', ''),
(412, 'Koba Hayashi', ''),
(413, 'Tsunehiko Kamijô', ''),
(414, 'Takehiko Ono', ''),
(415, 'Bunta Sugawara', ''),
(416, 'Shigeru Wakita', ''),
(417, 'Shirô Saitô', ''),
(419, 'Tom Sizemore', ''),
(420, 'Edward Burns', ''),
(421, 'Barry Pepper', ''),
(422, 'Adam Goldberg', ''),
(423, 'Vin Diesel', ''),
(424, 'Giovanni Ribisi', ''),
(425, 'Jeremy Davies', ''),
(426, 'Matt Damon', ''),
(427, 'Ted Danson', ''),
(428, 'Paul Giamatti', ''),
(429, 'Dennis Farina', ''),
(430, 'Joerg Stadler', ''),
(431, 'Max Martini', ''),
(432, 'Dylan Bruno', ''),
(433, 'Claudia Cardinale', ''),
(435, 'Jason Robards', ''),
(436, 'Charles Bronson', ''),
(437, 'Gabriele Ferzetti', ''),
(438, 'Paolo Stoppa', ''),
(439, 'Woody Strode', ''),
(440, 'Jack Elam', ''),
(441, 'Keenan Wynn', ''),
(442, 'Frank Wolff', ''),
(443, 'Lionel Stander', ''),
(445, 'Edward Furlong', ''),
(446, 'Beverly D''Angelo', ''),
(447, 'Jennifer Lien', ''),
(448, 'Ethan Suplee', ''),
(449, 'Fairuza Balk', ''),
(450, 'Avery Brooks', ''),
(451, 'Elliott Gould', ''),
(452, 'Stacy Keach', ''),
(453, 'William Russ', ''),
(454, 'Guy Torry', ''),
(455, 'Joe Cortese', ''),
(456, 'Jason Bose Smith', ''),
(457, 'Antonio David Lyons', ''),
(458, 'Alex Sol', ''),
(459, 'Ellen Burstyn', ''),
(460, 'Matthew McConaughey', ''),
(461, 'Mackenzie Foy', ''),
(462, 'John Lithgow', ''),
(463, 'Timothée Chalamet', ''),
(464, 'David Oyelowo', ''),
(465, 'Collette Wolfe', ''),
(466, 'Francis X. McCarthy', ''),
(467, 'Bill Irwin', ''),
(468, 'Anne Hathaway', ''),
(469, 'Andrew Borba', ''),
(470, 'Wes Bentley', ''),
(471, 'William Devane', ''),
(473, 'David Gyasi', ''),
(474, 'Humphrey Bogart', ''),
(475, 'Ingrid Bergman', ''),
(476, 'Paul Henreid', ''),
(477, 'Claude Rains', ''),
(478, 'Conrad Veidt', ''),
(479, 'Sydney Greenstreet', ''),
(480, 'Peter Lorre', ''),
(481, 'S.Z. Sakall', ''),
(482, 'Madeleine Lebeau', ''),
(483, 'Dooley Wilson', ''),
(484, 'Joy Page', ''),
(485, 'John Qualen', ''),
(486, 'Leonid Kinskey', ''),
(487, 'Curt Bois', ''),
(488, 'Anthony Perkins', ''),
(489, 'Vera Miles', ''),
(490, 'John Gavin', ''),
(491, 'Janet Leigh', ''),
(493, 'John McIntire', ''),
(494, 'Simon Oakland', ''),
(496, 'Patricia Hitchcock', ''),
(497, 'Vaughn Taylor', ''),
(498, 'Lurene Tuttle', ''),
(499, 'John Anderson', ''),
(500, 'Mort Mills', ''),
(501, 'Virginia Cherrill', ''),
(502, 'Florence Lee', ''),
(503, 'Harry Myers', ''),
(504, 'Al Ernest Garcia', ''),
(505, 'Hank Mann', ''),
(506, 'Charles Chaplin', ''),
(508, 'Karen Allen', ''),
(509, 'Paul Freeman', ''),
(510, 'Ronald Lacey', ''),
(511, 'John Rhys-Davies', ''),
(512, 'Denholm Elliott', ''),
(513, 'Alfred Molina', ''),
(514, 'Wolf Kahler', ''),
(515, 'Anthony Higgins', ''),
(516, 'Vic Tablian', ''),
(517, 'Don Fellows', ''),
(518, 'William Hootkins', ''),
(519, 'Bill Reimbold', ''),
(520, 'Fred Sorenson', ''),
(521, 'Patrick Durkin', ''),
(523, 'David Morse', ''),
(524, 'Michael Clarke Duncan', ''),
(525, 'Bonnie Hunt', ''),
(526, 'James Cromwell', ''),
(527, 'Michael Jeter', ''),
(528, 'Graham Greene', ''),
(529, 'Doug Hutchison', ''),
(530, 'Sam Rockwell', ''),
(533, 'Patricia Clarkson', ''),
(534, 'Harry Dean Stanton', ''),
(535, 'Dabbs Greer', ''),
(536, 'Eve Brent', ''),
(537, 'François Cluzet', ''),
(538, 'Omar Sy', ''),
(539, 'Anne Le Ny', ''),
(540, 'Audrey Fleurot', ''),
(541, 'Joséphine de Meaux', ''),
(542, 'Clotilde Mollet', ''),
(543, 'Alba Gaïa Kraghede Bellugi', ''),
(544, 'Cyril Mendy', ''),
(545, 'Salimata Kamate', ''),
(546, 'Absa Diatou Toure', ''),
(547, 'Grégoire Oestermann', ''),
(548, 'Dominique Daguier', ''),
(549, 'François Caron', ''),
(550, 'Christian Ameri', ''),
(551, 'Thomas Solivéres', ''),
(553, 'Paulette Goddard', ''),
(554, 'Henry Bergman', ''),
(555, 'Tiny Sandford', ''),
(556, 'Chester Conklin', ''),
(558, 'Stanley Blystone', ''),
(560, 'Richard Alexander', ''),
(561, 'Cecil Reynolds', ''),
(562, 'Mira McKinney', ''),
(563, 'Murdock MacQuarrie', ''),
(564, 'Wilfred Lucas', ''),
(565, 'Edward LeSaint', ''),
(566, 'Fred Malatesta', ''),
(568, 'Grace Kelly', ''),
(569, 'Wendell Corey', ''),
(570, 'Thelma Ritter', ''),
(571, 'Raymond Burr', ''),
(572, 'Judith Evelyn', ''),
(573, 'Ross Bagdasarian', ''),
(574, 'Georgine Darcy', ''),
(575, 'Sara Berner', ''),
(576, 'Frank Cady', ''),
(577, 'Jesslyn Fax', ''),
(578, 'Rand Harper', ''),
(579, 'Irene Winston', ''),
(580, 'Havis Davenport', ''),
(581, 'Arnold Schwarzenegger', ''),
(582, 'Linda Hamilton', ''),
(584, 'Robert Patrick', ''),
(585, 'Earl Boen', ''),
(586, 'Joe Morton', ''),
(587, 'S. Epatha Merkerson', ''),
(588, 'Castulo Guerra', ''),
(589, 'Danny Cooksey', ''),
(590, 'Jenette Goldstein', ''),
(591, 'Xander Berkeley', ''),
(592, 'Leslie Hamilton Gearren', ''),
(593, 'Ken Gibbel', ''),
(594, 'Robert Winley', ''),
(595, 'Peter Schrum', ''),
(596, 'Adrien Brody', ''),
(597, 'Emilia Fox', ''),
(598, 'Michal Zebrowski', ''),
(599, 'Ed Stoppard', ''),
(600, 'Maureen Lipman', ''),
(601, 'Frank Finlay', ''),
(602, 'Jessica Kate Meyer', ''),
(603, 'Julia Rayner', ''),
(604, 'Wanja Mues', ''),
(605, 'Richard Ridings', ''),
(606, 'Nomi Sharron', ''),
(607, 'Anthony Milner', ''),
(608, 'Lucy Skeaping', ''),
(609, 'Roddy Skeaping', ''),
(610, 'Ben Harlan', ''),
(613, 'Jack Nicholson', ''),
(614, 'Mark Wahlberg', ''),
(615, 'Martin Sheen', ''),
(616, 'Ray Winstone', ''),
(617, 'Vera Farmiga', ''),
(618, 'Anthony Anderson', ''),
(619, 'Alec Baldwin', ''),
(620, 'Kevin Corrigan', ''),
(621, 'James Badge Dale', ''),
(622, 'David O''Hara', ''),
(624, 'Robert Wahlberg', ''),
(625, 'Kristen Dalton', ''),
(626, 'Michael J. Fox', ''),
(627, 'Christopher Lloyd', ''),
(628, 'Lea Thompson', ''),
(629, 'Crispin Glover', ''),
(630, 'Thomas F. Wilson', ''),
(631, 'Claudia Wells', ''),
(632, 'Marc McClure', ''),
(633, 'Wendie Jo Sperber', ''),
(634, 'George DiCenzo', ''),
(635, 'Frances Lee McCain', ''),
(636, 'James Tolkan', ''),
(637, 'J.J. Cohen', ''),
(638, 'Casey Siemaszko', ''),
(639, 'Billy Zane', ''),
(640, 'Harry Waters Jr.', ''),
(641, 'Miles Teller', ''),
(642, 'J.K. Simmons', ''),
(643, 'Paul Reiser', ''),
(644, 'Melissa Benoist', ''),
(645, 'Austin Stowell', ''),
(646, 'Nate Lang', ''),
(647, 'Chris Mulkey', ''),
(648, 'Damon Gupton', ''),
(649, 'Suanne Spoke', ''),
(650, 'Max Kasch', ''),
(651, 'Charlie Ian', ''),
(652, 'Jayson Blair', ''),
(653, 'Kofi Siriboe', ''),
(654, 'Kavita Patil', ''),
(655, 'C.J. Vana', ''),
(656, 'Russell Crowe', 'M'),
(657, 'Joaquin Phoenix', ''),
(658, 'Connie Nielsen', ''),
(659, 'Oliver Reed', ''),
(660, 'Richard Harris', ''),
(661, 'Derek Jacobi', ''),
(662, 'Djimon Hounsou', ''),
(663, 'David Schofield', ''),
(664, 'John Shrapnel', ''),
(665, 'Tomas Arana', ''),
(666, 'Ralf Moeller', ''),
(667, 'Spencer Treat Clark', ''),
(668, 'David Hemmings', ''),
(669, 'Tommy Flanagan', ''),
(670, 'Sven-Ole Thorsen', ''),
(671, 'Guy Pearce', ''),
(674, 'Mark Boone Junior', ''),
(675, 'Russ Fega', ''),
(676, 'Jorja Fox', ''),
(677, 'Stephen Tobolowsky', ''),
(678, 'Harriet Sansom Harris', ''),
(679, 'Thomas Lennon', ''),
(680, 'Callum Keith Rennie', ''),
(681, 'Kimberly Campbell', ''),
(682, 'Marianne Muellerleile', ''),
(683, 'Larry Holden', ''),
(687, 'Frederic Forrest', ''),
(688, 'Sam Bottoms', ''),
(690, 'Albert Hall', ''),
(692, 'Dennis Hopper', ''),
(694, 'Jerry Ziesmer', ''),
(696, 'Bo Byers', ''),
(697, 'James Keane', ''),
(698, 'Kerry Rossall', ''),
(699, 'Hugh Jackman', ''),
(702, 'Piper Perabo', ''),
(703, 'Rebecca Hall', ''),
(704, 'Scarlett Johansson', ''),
(705, 'Samantha Mahurin', ''),
(706, 'David Bowie', ''),
(707, 'Andy Serkis', ''),
(708, 'Daniel Davis', ''),
(709, 'Jim Piddock', ''),
(710, 'Christopher Neame', ''),
(711, 'Mark Ryan', ''),
(712, 'Roger Rees', ''),
(713, 'Jamie Harris', ''),
(714, 'Matthew Broderick', ''),
(715, 'Jonathan Taylor Thomas', ''),
(716, 'James Earl Jones', ''),
(717, 'Jim Cummings', ''),
(718, 'Jeremy Irons', ''),
(719, 'Moira Kelly', ''),
(720, 'Niketa Calame', ''),
(721, 'Ernie Sabella', ''),
(722, 'Nathan Lane', ''),
(723, 'Robert Guillaume', ''),
(724, 'Rowan Atkinson', ''),
(725, 'Madge Sinclair', ''),
(726, 'Whoopi Goldberg', ''),
(727, 'Cheech Marin', ''),
(728, 'Jason Weaver', ''),
(729, 'Tom Skerritt', ''),
(730, 'Sigourney Weaver', ''),
(731, 'Veronica Cartwright', ''),
(733, 'John Hurt', ''),
(735, 'Yaphet Kotto', ''),
(736, 'Bolaji Badejo', ''),
(737, 'Helen Horton', ''),
(738, 'Peter Sellers', ''),
(739, 'George C. Scott', ''),
(742, 'Slim Pickens', ''),
(743, 'Peter Bull', ''),
(745, 'Tracy Reed', ''),
(746, 'Jack Creley', ''),
(747, 'Frank Berry', ''),
(748, 'Robert O''Neil', ''),
(749, 'Glenn Beck', ''),
(750, 'Roy Stephens', ''),
(751, 'Shane Rimmer', ''),
(752, 'Hal Galili', ''),
(753, 'William Holden', ''),
(754, 'Gloria Swanson', ''),
(755, 'Erich von Stroheim', ''),
(756, 'Nancy Olson', ''),
(757, 'Fred Clark', ''),
(758, 'Lloyd Gough', ''),
(759, 'Jack Webb', ''),
(760, 'Franklyn Farnum', ''),
(761, 'Larry J. Blake', ''),
(762, 'Charles Dayton', ''),
(763, 'Cecil B. DeMille', ''),
(764, 'Hedda Hopper', ''),
(765, 'Buster Keaton', ''),
(766, 'Anna Q. Nilsson', ''),
(769, 'Jack Oakie', ''),
(770, 'Reginald Gardiner', ''),
(771, 'Henry Daniell', ''),
(772, 'Billy Gilbert', ''),
(773, 'Grace Hayle', ''),
(774, 'Carter DeHaven', ''),
(776, 'Maurice Moscovitch', ''),
(777, 'Emma Dunn', ''),
(778, 'Bernard Gorcey', ''),
(779, 'Paul Weigel', ''),
(781, 'Esther Michelson', ''),
(783, 'Martina Gedeck', ''),
(784, 'Ulrich Mühe', ''),
(785, 'Sebastian Koch', ''),
(786, 'Ulrich Tukur', ''),
(787, 'Thomas Thieme', ''),
(788, 'Hans-Uwe Bauer', ''),
(789, 'Volkmar Kleinert', ''),
(790, 'Matthias Brenner', ''),
(791, 'Charly Hübner', ''),
(792, 'Herbert Knaup', ''),
(793, 'Bastian Trost', ''),
(794, 'Marie Gruber', ''),
(795, 'Volker Michalowski', ''),
(796, 'Werner Daehn', ''),
(797, 'Martin Brambach', ''),
(798, 'Antonella Attili', ''),
(799, 'Enzo Cannavale', ''),
(800, 'Isa Danieli', ''),
(801, 'Leo Gullotta', ''),
(802, 'Marco Leonardi', ''),
(803, 'Pupella Maggio', ''),
(804, 'Agnese Nano', ''),
(805, 'Leopoldo Trieste', ''),
(806, 'Salvatore Cascio', ''),
(807, 'Tano Cimarosa', ''),
(808, 'Nicola Di Pinto', ''),
(809, 'Roberta Lena', ''),
(810, 'Nino Terzo', ''),
(811, 'Jacques Perrin', ''),
(812, 'Brigitte Fossey', ''),
(813, 'Kirk Douglas', ''),
(814, 'Ralph Meeker', ''),
(815, 'Adolphe Menjou', ''),
(816, 'George Macready', ''),
(817, 'Wayne Morris', ''),
(818, 'Richard Anderson', ''),
(819, 'Joe Turkel', ''),
(820, 'Christiane Kubrick', ''),
(821, 'Jerry Hausner', ''),
(822, 'Peter Capell', ''),
(823, 'Emile Meyer', ''),
(824, 'Bert Freed', ''),
(825, 'Kem Dibbs', ''),
(826, 'Timothy Carey', ''),
(827, 'Fred Bell', ''),
(828, 'Jamie Foxx', ''),
(829, 'Christoph Waltz', ''),
(831, 'Kerry Washington', ''),
(833, 'Walton Goggins', ''),
(834, 'Dennis Christopher', ''),
(835, 'James Remar', ''),
(836, 'David Steen', ''),
(837, 'Dana Gourrier', ''),
(838, 'Nichole Galicia', ''),
(839, 'Laura Cayouette', ''),
(840, 'Ato Essandoh', ''),
(841, 'Sammi Rotibi', ''),
(842, 'Clay Donahue Fontenot', ''),
(844, 'Shelley Duvall', ''),
(845, 'Danny Lloyd', ''),
(847, 'Barry Nelson', ''),
(848, 'Philip Stone', ''),
(850, 'Anne Jackson', ''),
(851, 'Tony Burton', ''),
(852, 'Lia Beldam', ''),
(853, 'Billie Gibson', ''),
(854, 'Barry Dennen', ''),
(855, 'David Baxt', ''),
(856, 'Manning Redwood', ''),
(857, 'Lisa Burns', ''),
(858, 'Tsutomu Tatsumi', ''),
(859, 'Ayano Shiraishi', ''),
(860, 'Yoshiko Shinohara', ''),
(861, 'Akemi Yamaguchi', ''),
(862, 'Tadashi Nakamura', ''),
(863, 'Marcy Bannor', ''),
(864, 'Shelley Calene-Black', ''),
(865, 'Luci Christian', ''),
(866, 'Shannon Conley', ''),
(867, 'Justin Doran', ''),
(868, 'Crispin Freeman', ''),
(869, 'Adam Gibbs', ''),
(870, 'Dan Green', ''),
(871, 'Amy Jones', ''),
(872, 'Susan O. Koozin', ''),
(873, 'Ben Burtt', ''),
(874, 'Elissa Knight', ''),
(875, 'Jeff Garlin', ''),
(876, 'Fred Willard', ''),
(877, 'MacInTalk', ''),
(878, 'John Ratzenberger', ''),
(879, 'Kathy Najimy', ''),
(881, 'Teddy Newton', ''),
(882, 'Bob Bergen', ''),
(883, 'John Cygan', ''),
(884, 'Pete Docter', ''),
(885, 'Paul Eiding', ''),
(886, 'Donald Fullilove', ''),
(887, 'Teresa Ganzel', ''),
(896, 'Matthew Modine', ''),
(897, 'Alon Aboutboul', ''),
(898, 'Ben Mendelsohn', ''),
(899, 'Burn Gorman', ''),
(900, 'Daniel Sunjata', ''),
(901, 'Aidan Gillen', ''),
(902, 'Sam Kennard', ''),
(904, 'Annette Bening', ''),
(905, 'Thora Birch', ''),
(907, 'Mena Suvari', ''),
(908, 'Peter Gallagher', ''),
(909, 'Allison Janney', ''),
(910, 'Chris Cooper', ''),
(911, 'Scott Bakula', ''),
(912, 'Sam Robards', ''),
(913, 'Barry Del Sherman', ''),
(914, 'Ara Celi', ''),
(915, 'John Cho', ''),
(916, 'Fort Atkinson', ''),
(917, 'Sue Casey', ''),
(918, 'Billy Crudup', ''),
(919, 'Billy Bob Thornton', ''),
(920, 'Minnie Driver', ''),
(921, 'John DiMaggio', ''),
(922, 'Claire Danes', ''),
(923, 'John DeMita', ''),
(924, 'Jada Pinkett Smith', ''),
(925, 'Gillian Anderson', ''),
(926, 'Keith David', ''),
(927, 'Corey Burton', ''),
(928, 'Tara Strong', ''),
(929, 'Sherry Lynn', ''),
(930, 'Matt K. Miller', ''),
(931, 'Marnie Mosiman', ''),
(932, 'Julia Fletcher', ''),
(934, 'Carrie Henn', ''),
(935, 'Michael Biehn', ''),
(937, 'Lance Henriksen', ''),
(938, 'Bill Paxton', ''),
(939, 'William Hope', ''),
(941, 'Al Matthews', ''),
(943, 'Ricco Ross', ''),
(944, 'Colette Hiller', ''),
(945, 'Daniel Kash', ''),
(946, 'Cynthia Dale Scott', ''),
(947, 'Tip Tipping', ''),
(948, 'Min-sik Choi', ''),
(949, 'Ji-tae Yu', ''),
(950, 'Hye-jeong Kang', ''),
(951, 'Dae-han Ji', ''),
(952, 'Dal-su Oh', ''),
(953, 'Byeong-ok Kim', ''),
(954, 'Seung-shin Lee', ''),
(955, 'Jin-seo Yoon', ''),
(956, 'Dae-yeon Lee', ''),
(957, 'Kwang-rok Oh', ''),
(958, 'Tae-kyung Oh', ''),
(959, 'Yeon-Seok Yoo', ''),
(960, 'Il-han Oo', ''),
(961, 'Su-hyeon Kim', ''),
(962, 'Seung-jin Lee', ''),
(964, 'James Woods', ''),
(965, 'Elizabeth McGovern', ''),
(967, 'Burt Young', ''),
(968, 'Tuesday Weld', ''),
(969, 'Treat Williams', ''),
(972, 'James Hayden', ''),
(973, 'William Forsythe', ''),
(974, 'Darlanne Fluegel', ''),
(975, 'Larry Rapp', ''),
(976, 'Richard Foronjy', ''),
(977, 'Robert Harper', ''),
(978, 'Joseph Cotten', ''),
(979, 'Dorothy Comingore', ''),
(980, 'Agnes Moorehead', ''),
(981, 'Ruth Warrick', ''),
(982, 'Ray Collins', ''),
(983, 'Erskine Sanford', ''),
(984, 'Everett Sloane', ''),
(985, 'William Alland', ''),
(986, 'Paul Stewart', ''),
(987, 'George Coulouris', ''),
(988, 'Fortunio Bonanova', ''),
(989, 'Gus Schilling', ''),
(990, 'Philip Van Zandt', ''),
(991, 'Georgia Backus', ''),
(992, 'Harry Shannon', ''),
(993, 'Jürgen Prochnow', ''),
(994, 'Herbert Grönemeyer', ''),
(995, 'Klaus Wennemann', ''),
(996, 'Hubertus Bengsch', ''),
(997, 'Martin Semmelrogge', ''),
(998, 'Bernd Tauber', ''),
(999, 'Erwin Leder', ''),
(1000, 'Martin May', ''),
(1001, 'Heinz Hoenig', ''),
(1002, 'Uwe Ochsenknecht', ''),
(1003, 'Claude-Oliver Rudolph', ''),
(1004, 'Jan Fedder', ''),
(1005, 'Ralf Richter', ''),
(1006, 'Joachim Bernhard', ''),
(1007, 'Oliver Stritzel', ''),
(1008, 'Tyrone Power', ''),
(1009, 'Marlene Dietrich', ''),
(1010, 'Charles Laughton', ''),
(1011, 'Elsa Lanchester', ''),
(1012, 'John Williams', ''),
(1014, 'Ian Wolfe', ''),
(1015, 'Torin Thatcher', ''),
(1016, 'Norma Varden', ''),
(1017, 'Una O''Connor', ''),
(1018, 'Francis Compton', ''),
(1019, 'Philip Tonge', ''),
(1020, 'Ruta Lee', ''),
(1021, 'Cary Grant', ''),
(1022, 'Eva Marie Saint', ''),
(1023, 'James Mason', ''),
(1024, 'Jessie Royce Landis', ''),
(1025, 'Leo G. Carroll', ''),
(1026, 'Josephine Hutchinson', ''),
(1027, 'Philip Ober', ''),
(1028, 'Martin Landau', ''),
(1029, 'Adam Williams', ''),
(1030, 'Edward Platt', ''),
(1031, 'Robert Ellenstein', ''),
(1032, 'Les Tremayne', ''),
(1033, 'Philip Coolidge', ''),
(1034, 'Patrick McVey', ''),
(1037, 'Kim Novak', ''),
(1038, 'Barbara Bel Geddes', ''),
(1039, 'Tom Helmore', ''),
(1040, 'Henry Jones', ''),
(1041, 'Raymond Bailey', ''),
(1042, 'Ellen Corby', ''),
(1043, 'Konstantin Shayne', ''),
(1044, 'Lee Patrick', ''),
(1051, 'Sebastian Shaw', ''),
(1052, 'Ian McDiarmid', ''),
(1058, 'Michael Pennington', ''),
(1059, 'Kenneth Colley', ''),
(1061, 'Ellen Widmann', ''),
(1062, 'Inge Landgut', ''),
(1063, 'Otto Wernicke', ''),
(1064, 'Theodor Loos', ''),
(1065, 'Gustaf Gründgens', ''),
(1066, 'Friedrich Gnaß', ''),
(1067, 'Fritz Odemar', ''),
(1068, 'Paul Kemp', ''),
(1069, 'Theo Lingen', ''),
(1070, 'Rudolf Blümner', ''),
(1071, 'Georg John', ''),
(1072, 'Franz Stein', ''),
(1073, 'Ernst Stahl-Nachbaur', ''),
(1074, 'Gerhard Bienert', ''),
(1075, 'Harvey Keitel', ''),
(1077, 'Michael Madsen', ''),
(1078, 'Chris Penn', ''),
(1079, 'Steve Buscemi', ''),
(1080, 'Lawrence Tierney', ''),
(1081, 'Edward Bunker', ''),
(1082, 'Quentin Tarantino', ''),
(1083, 'Randy Brooks', ''),
(1084, 'Kirk Baltz', ''),
(1085, 'Steven Wright', ''),
(1086, 'Rich Turner', ''),
(1088, 'Tony Cosmo', ''),
(1089, 'Stevo Polyi', ''),
(1090, 'James Robinson', ''),
(1091, 'Sean Lawlor', ''),
(1092, 'Sandy Nelson', ''),
(1093, 'James Cosmo', ''),
(1094, 'Sean McGinley', ''),
(1095, 'Alan Tall', ''),
(1096, 'Andrew Weir', ''),
(1097, 'Gerda Stevenson', ''),
(1098, 'Ralph Riach', ''),
(1099, 'Mhairi Calvey', ''),
(1100, 'Brian Cox', ''),
(1101, 'Patrick McGoohan', ''),
(1102, 'Peter Hanly', ''),
(1103, 'Sophie Marceau', ''),
(1104, 'Stephen Billington', ''),
(1105, 'Audrey Tautou', ''),
(1106, 'Mathieu Kassovitz', ''),
(1107, 'Rufus', ''),
(1108, 'Lorella Cravotta', ''),
(1109, 'Serge Merlin', ''),
(1110, 'Jamel Debbouze', ''),
(1112, 'Claire Maurier', ''),
(1113, 'Isabelle Nanty', ''),
(1114, 'Dominique Pinon', ''),
(1115, 'Artus de Penguern', ''),
(1116, 'Yolande Moreau', ''),
(1117, 'Urbain Cancelier', ''),
(1118, 'Maurice Bénichou', ''),
(1119, 'Michel Robin', ''),
(1121, 'Jared Leto', ''),
(1122, 'Jennifer Connelly', ''),
(1123, 'Marlon Wayans', ''),
(1124, 'Christopher McDonald', ''),
(1125, 'Louise Lasser', ''),
(1126, 'Marcia Jean Kurtz', ''),
(1127, 'Janet Sarno', ''),
(1128, 'Suzanne Shepherd', ''),
(1129, 'Joanne Gordon', ''),
(1130, 'Charlotte Aronofsky', ''),
(1131, 'Mark Margolis', ''),
(1132, 'Michael Kaycheck', ''),
(1133, 'Jack O''Connell', ''),
(1134, 'Chas Mastin', ''),
(1135, 'Darsheel Safary', ''),
(1136, 'Aamir Khan', ''),
(1137, 'Tanay Chheda', ''),
(1138, 'Sachet Engineer', ''),
(1139, 'Tisca Chopra', ''),
(1140, 'Vipin Sharma', ''),
(1141, 'Lalitha Lajmi', ''),
(1142, 'Girija Oak', ''),
(1143, 'Ravi Khanvilkar', ''),
(1144, 'Pratima Kulkarni', ''),
(1145, 'Meghna Malik', ''),
(1146, 'Sonali Sachdev', ''),
(1147, 'Sanjay Dadich', ''),
(1148, 'Raaj Gopal Iyer', ''),
(1149, 'Bugs Bhargava', ''),
(1150, 'Malcolm McDowell', ''),
(1151, 'Patrick Magee', ''),
(1152, 'Michael Bates', ''),
(1153, 'Warren Clarke', ''),
(1154, 'John Clive', ''),
(1155, 'Adrienne Corri', ''),
(1156, 'Carl Duering', ''),
(1157, 'Paul Farrell', ''),
(1158, 'Clive Francis', ''),
(1159, 'Michael Gover', ''),
(1160, 'Miriam Karlin', ''),
(1161, 'James Marcus', ''),
(1162, 'Aubrey Morris', ''),
(1163, 'Godfrey Quigley', ''),
(1164, 'Sheila Raynor', ''),
(1165, 'Fikret Kuskan', ''),
(1166, 'Çetin Tekindor', ''),
(1167, 'Hümeyra', ''),
(1168, 'Serif Sezer', ''),
(1169, 'Tuba Büyüküstün', ''),
(1170, 'Yetkin Dikinciler', ''),
(1171, 'Binnur Kaya', ''),
(1172, 'Özge Özberk', ''),
(1173, 'Halit Ergenç', ''),
(1174, 'Mahmut Gökgöz', ''),
(1175, 'Bilge Sen', ''),
(1176, 'Ege Tanman', ''),
(1177, 'Erdal Tosun', ''),
(1178, 'Nergis Çorakçi', ''),
(1179, 'Özgül Arslan', ''),
(1180, 'Diahnne Abbott', ''),
(1181, 'Frank Adu', ''),
(1182, 'Victor Argo', ''),
(1183, 'Gino Ardito', ''),
(1184, 'Garth Avery', ''),
(1185, 'Peter Boyle', ''),
(1186, 'Albert Brooks', ''),
(1187, 'Harry Cohn', ''),
(1188, 'Copper Cunningham', ''),
(1190, 'Brenda Dickson', ''),
(1191, 'Harry Fischler', ''),
(1193, 'Nat Grant', ''),
(1194, 'Leonard Harris', ''),
(1195, 'Fred MacMurray', ''),
(1196, 'Barbara Stanwyck', ''),
(1197, 'Edward G. Robinson', ''),
(1198, 'Porter Hall', ''),
(1199, 'Jean Heather', ''),
(1200, 'Tom Powers', ''),
(1201, 'Byron Barr', ''),
(1202, 'Richard Gaines', ''),
(1204, 'John Philliber', ''),
(1205, 'Peter O''Toole', ''),
(1207, 'Anthony Quinn', ''),
(1208, 'Jack Hawkins', ''),
(1209, 'Omar Sharif', ''),
(1210, 'José Ferrer', ''),
(1211, 'Anthony Quayle', ''),
(1213, 'Arthur Kennedy', ''),
(1214, 'Donald Wolfit', ''),
(1215, 'I.S. Johar', ''),
(1216, 'Gamil Ratib', ''),
(1217, 'Michel Ray', ''),
(1218, 'John Dimech', ''),
(1219, 'Zia Mohyeddin', ''),
(1220, 'Gregory Peck', ''),
(1221, 'John Megna', ''),
(1222, 'Frank Overton', ''),
(1223, 'Rosemary Murphy', ''),
(1224, 'Ruth White', ''),
(1225, 'Brock Peters', ''),
(1226, 'Estelle Evans', ''),
(1227, 'Paul Fix', ''),
(1228, 'Collin Wilcox Paxton', ''),
(1229, 'James Anderson', ''),
(1230, 'Alice Ghostley', ''),
(1232, 'William Windom', ''),
(1233, 'Crahan Denton', ''),
(1234, 'Richard Hale', ''),
(1236, 'Tim Allen', ''),
(1237, 'Joan Cusack', ''),
(1238, 'Ned Beatty', ''),
(1239, 'Don Rickles', ''),
(1240, 'Michael Keaton', ''),
(1241, 'Wallace Shawn', ''),
(1243, 'Estelle Harris', ''),
(1244, 'John Morris', ''),
(1245, 'Jodi Benson', ''),
(1246, 'Emily Hahn', ''),
(1247, 'Laurie Metcalf', ''),
(1248, 'Blake Clark', ''),
(1250, 'Jim Carrey', ''),
(1251, 'Kate Winslet', ''),
(1252, 'Gerry Robert Byrne', ''),
(1253, 'Elijah Wood', ''),
(1254, 'Thomas Jay Ryan', ''),
(1255, 'Mark Ruffalo', ''),
(1256, 'Jane Adams', ''),
(1257, 'David Cross', ''),
(1258, 'Kirsten Dunst', ''),
(1259, 'Tom Wilkinson', ''),
(1260, 'Ryan Whitney', ''),
(1261, 'Debbon Ayer', ''),
(1262, 'Amir Ali Said', ''),
(1263, 'Brian Price', ''),
(1264, 'Paulie Litt', ''),
(1265, 'F. Murray Abraham', ''),
(1266, 'Tom Hulce', ''),
(1267, 'Elizabeth Berridge', ''),
(1268, 'Roy Dotrice', ''),
(1269, 'Simon Callow', ''),
(1270, 'Christine Ebersole', ''),
(1271, 'Jeffrey Jones', ''),
(1272, 'Charles Kay', ''),
(1273, 'Kenneth McMillan', ''),
(1275, 'Lisbeth Bartlett', ''),
(1276, 'Barbara Bryne', ''),
(1277, 'Martin Cavina', ''),
(1278, 'Roderick Cook', ''),
(1279, 'Milan Demjanenko', ''),
(1281, 'Adam Baldwin', ''),
(1282, 'Vincent D''Onofrio', ''),
(1284, 'Dorian Harewood', ''),
(1285, 'Kevyn Major Howard', ''),
(1286, 'Arliss Howard', ''),
(1287, 'Ed O''Ross', ''),
(1288, 'John Terry', ''),
(1289, 'Kieron Jecchinis', ''),
(1290, 'Kirk Taylor', ''),
(1291, 'Tim Colceri', ''),
(1292, 'Jon Stafford', ''),
(1293, 'Bruce Boa', ''),
(1294, 'Ian Tyler', ''),
(1295, 'Paul Newman', ''),
(1296, 'Robert Redford', ''),
(1297, 'Robert Shaw', ''),
(1298, 'Charles Durning', ''),
(1299, 'Ray Walston', ''),
(1300, 'Eileen Brennan', ''),
(1301, 'Harold Gould', ''),
(1302, 'John Heffernan', ''),
(1303, 'Dana Elcar', ''),
(1304, 'Jack Kehoe', ''),
(1305, 'Dimitra Arliss', ''),
(1306, 'Robert Earl Jones', ''),
(1307, 'James Sloyan', ''),
(1308, 'Charles Dierkop', ''),
(1309, 'Lee Paul', ''),
(1310, 'Keir Dullea', ''),
(1311, 'Gary Lockwood', ''),
(1312, 'William Sylvester', ''),
(1313, 'Daniel Richter', ''),
(1314, 'Leonard Rossiter', ''),
(1315, 'Margaret Tyzack', ''),
(1316, 'Robert Beatty', ''),
(1317, 'Sean Sullivan', ''),
(1318, 'Douglas Rain', ''),
(1319, 'Frank Miller', ''),
(1320, 'Bill Weston', ''),
(1321, 'Ed Bishop', ''),
(1323, 'Alan Gifford', ''),
(1324, 'Ann Gillis', ''),
(1325, 'Lamberto Maggiorani', ''),
(1326, 'Enzo Staiola', ''),
(1327, 'Lianella Carell', ''),
(1328, 'Gino Saltamerenda', ''),
(1329, 'Vittorio Antonucci', ''),
(1330, 'Giulio Chiari', ''),
(1331, 'Elena Altieri', ''),
(1332, 'Carlo Jachino', ''),
(1333, 'Michele Sakara', ''),
(1334, 'Emma Druetti', ''),
(1335, 'Fausto Guerzoni', ''),
(1339, 'Jim Varney', ''),
(1342, 'Annie Potts', ''),
(1344, 'Erik von Detten', ''),
(1347, 'Sarah Freeman', ''),
(1348, 'Penn Jillette', ''),
(1349, 'Jack Angel', ''),
(1350, 'Spencer Aste', ''),
(1353, 'Vinnie Jones', ''),
(1355, 'Rade Serbedzija', ''),
(1356, 'Jason Statham', ''),
(1357, 'Alan Ford', ''),
(1358, 'Mike Reid', ''),
(1359, 'Robbie Gee', ''),
(1360, 'Lennie James', ''),
(1361, 'Ewen Bremner', ''),
(1362, 'Jason Flemyng', ''),
(1363, 'Ade', ''),
(1364, 'William Beck', ''),
(1365, 'Andy Beckwith', ''),
(1366, 'Gene Kelly', ''),
(1367, 'Donald O''Connor', ''),
(1368, 'Debbie Reynolds', ''),
(1369, 'Jean Hagen', ''),
(1370, 'Millard Mitchell', ''),
(1371, 'Cyd Charisse', ''),
(1372, 'Douglas Fowley', ''),
(1373, 'Rita Moreno', ''),
(1375, 'Mélanie Laurent', ''),
(1377, 'Eli Roth', ''),
(1378, 'Michael Fassbender', ''),
(1379, 'Diane Kruger', ''),
(1380, 'Daniel Brühl', ''),
(1381, 'Til Schweiger', ''),
(1382, 'Gedeon Burkhard', ''),
(1383, 'Jacky Ido', ''),
(1384, 'B.J. Novak', ''),
(1385, 'Omar Doom', ''),
(1386, 'August Diehl', ''),
(1387, 'Denis Ménochet', ''),
(1388, 'Sylvester Groth', ''),
(1389, 'Carl Miller', ''),
(1390, 'Edna Purviance', ''),
(1391, 'Jackie Coogan', ''),
(1393, 'Graham Chapman', ''),
(1394, 'John Cleese', ''),
(1395, 'Eric Idle', ''),
(1396, 'Terry Gilliam', ''),
(1397, 'Terry Jones', ''),
(1398, 'Michael Palin', ''),
(1399, 'Connie Booth', ''),
(1400, 'Carol Cleveland', ''),
(1401, 'Neil Innes', ''),
(1402, 'Bee Duffell', ''),
(1403, 'John Young', ''),
(1404, 'Rita Davies', ''),
(1405, 'Avril Stewart', ''),
(1406, 'Sally Kinghorn', ''),
(1407, 'Mark Zycon', ''),
(1408, 'Amy Adams', ''),
(1409, 'Jeremy Renner', ''),
(1410, 'Michael Stuhlbarg', ''),
(1411, 'Forest Whitaker', ''),
(1412, 'Sangita Patel', ''),
(1413, 'Tzi Ma', ''),
(1414, 'Mark O''Brien', ''),
(1415, 'Abigail Pniowsky', ''),
(1416, 'Ruth Chiang', ''),
(1417, 'Jadyn Malone', ''),
(1418, 'Nathaly Thibault', ''),
(1419, 'Anana Rydvald', ''),
(1420, 'Julia Scarlett Dan', ''),
(1421, 'Leisa Reid', ''),
(1422, 'Russell Yuen', ''),
(1427, 'Kim Basinger', ''),
(1429, 'David Strathairn', ''),
(1430, 'Ron Rifkin', ''),
(1431, 'Matt McCoy', ''),
(1432, 'Paul Guilfoyle', ''),
(1433, 'Paolo Seganti', ''),
(1434, 'Elisabeth Granli', ''),
(1435, 'Sandra Taylor', ''),
(1436, 'Steve Rankin', ''),
(1437, 'Graham Beckel', ''),
(1440, 'Gian Maria Volontè', ''),
(1441, 'Mario Brega', ''),
(1443, 'Aldo Sambrell', ''),
(1444, 'Klaus Kinski', ''),
(1446, 'Luis Rodríguez', ''),
(1447, 'Panos Papadopulos', ''),
(1448, 'Mara Krupp', ''),
(1449, 'Roberto Camardiel', ''),
(1450, 'Joseph Egger', ''),
(1451, 'Tomás Blanco', ''),
(1452, 'Lorenzo Robledo', ''),
(1454, 'Madhavan', ''),
(1455, 'Sharman Joshi', ''),
(1456, 'Kareena Kapoor', ''),
(1457, 'Boman Irani', ''),
(1458, 'Omi Vaidya', ''),
(1459, 'Mona Singh', ''),
(1460, 'Javed Jaffrey', ''),
(1461, 'Parikshat Sahni', ''),
(1462, 'Olivier Lafont', ''),
(1463, 'Rahul Kumar', ''),
(1464, 'Amardeep Jha', ''),
(1465, 'Farida Dadi', ''),
(1466, 'Mukund Bhatt', ''),
(1467, 'Chaitali Bose', ''),
(1469, 'Machiko Kyô', ''),
(1470, 'Masayuki Mori', ''),
(1473, 'Kichijirô Ueda', ''),
(1474, 'Noriko Honma', ''),
(1477, 'Steven Bauer', ''),
(1478, 'Michelle Pfeiffer', ''),
(1479, 'Mary Elizabeth Mastrantonio', ''),
(1480, 'Robert Loggia', ''),
(1481, 'Miriam Colon', ''),
(1483, 'Paul Shenar', ''),
(1484, 'Harris Yulin', ''),
(1485, 'Ángel Salazar', ''),
(1486, 'Arnaldo Santana', ''),
(1487, 'Pepe Serna', ''),
(1488, 'Michael P. Moran', ''),
(1489, 'Al Israel', ''),
(1490, 'Dennis Holahan', ''),
(1491, 'Jack Lemmon', ''),
(1492, 'Shirley MacLaine', ''),
(1495, 'Jack Kruschen', ''),
(1496, 'David Lewis', ''),
(1497, 'Hope Holiday', ''),
(1498, 'Joan Shawlee', ''),
(1499, 'Naomi Stevens', ''),
(1500, 'Johnny Seven', ''),
(1501, 'Joyce Jameson', ''),
(1502, 'Willard Waterman', ''),
(1503, 'David White', ''),
(1504, 'Edie Adams', ''),
(1506, 'Sean Connery', ''),
(1508, 'Alison Doody', ''),
(1510, 'Julian Glover', ''),
(1511, 'River Phoenix', ''),
(1512, 'Michael Byrne', ''),
(1513, 'Kevork Malikyan', ''),
(1514, 'Robert Eddison', ''),
(1515, 'Richard Young', ''),
(1516, 'Alexei Sayle', ''),
(1517, 'Alex Hyde-White', ''),
(1518, 'Paul Maxwell', ''),
(1519, 'Isla Blair', ''),
(1520, 'Mads Mikkelsen', ''),
(1521, 'Thomas Bo Larsen', ''),
(1522, 'Annika Wedderkopp', ''),
(1523, 'Lasse Fogelstrøm', ''),
(1524, 'Susse Wold', ''),
(1525, 'Anne Louise Hassing', ''),
(1526, 'Lars Ranthe', ''),
(1527, 'Alexandra Rapaport', ''),
(1528, 'Sebastian Bull Sarning', ''),
(1529, 'Steen Ordell Guldbrand Jensen', ''),
(1530, 'Daniel Engstrup', ''),
(1531, 'Troels Thorsen', ''),
(1532, 'Søren Rønholt', ''),
(1533, 'Hana Shuan', ''),
(1534, 'Jytte Kvinesdal', ''),
(1535, 'Peyman Moaadi', ''),
(1536, 'Leila Hatami', ''),
(1537, 'Sareh Bayat', ''),
(1538, 'Shahab Hosseini', ''),
(1539, 'Sarina Farhadi', ''),
(1540, 'Merila Zare''i', ''),
(1541, 'Ali-Asghar Shahbazi', ''),
(1542, 'Babak Karimi', ''),
(1543, 'Kimia Hosseini', ''),
(1544, 'Shirin Yazdanbakhsh', ''),
(1545, 'Sahabanu Zolghadr', ''),
(1546, 'Mohammadhasan Asghari', ''),
(1547, 'Shirin Azimiyannezhad', ''),
(1548, 'Hamid Dadju', ''),
(1549, 'Mohammad Ebrahimian', ''),
(1550, 'Alfred Abel', ''),
(1551, 'Gustav Fröhlich', ''),
(1552, 'Rudolf Klein-Rogge', ''),
(1553, 'Fritz Rasp', ''),
(1555, 'Erwin Biswanger', ''),
(1556, 'Heinrich George', ''),
(1557, 'Brigitte Helm', ''),
(1559, 'Robin Williams', ''),
(1560, 'Ben Affleck', ''),
(1561, 'Stellan Skarsgård', ''),
(1563, 'Casey Affleck', ''),
(1564, 'Cole Hauser', ''),
(1565, 'John Mighton', ''),
(1566, 'Rachel Majorowski', ''),
(1567, 'Colleen McCauley', ''),
(1568, 'Matt Mercier', ''),
(1569, 'Ralph St. George', ''),
(1570, 'Rob Lynds', ''),
(1571, 'Dan Washington', ''),
(1572, 'Alison Folland', ''),
(1573, 'Bette Davis', ''),
(1574, 'Anne Baxter', ''),
(1575, 'George Sanders', ''),
(1576, 'Celeste Holm', ''),
(1577, 'Gary Merrill', ''),
(1578, 'Hugh Marlowe', ''),
(1579, 'Gregory Ratoff', ''),
(1580, 'Barbara Bates', ''),
(1581, 'Marilyn Monroe', ''),
(1583, 'Walter Hampden', ''),
(1584, 'Randy Stuart', ''),
(1585, 'Craig Hill', ''),
(1586, 'Leland Harris', ''),
(1587, 'Barbara White', ''),
(1589, 'Tatsuya Nakadai', ''),
(1590, 'Yôko Tsukasa', ''),
(1591, 'Isuzu Yamada', ''),
(1593, 'Seizaburô Kawazu', ''),
(1595, 'Hiroshi Tachikawa', ''),
(1596, 'Yôsuke Natsuki', ''),
(1599, 'Ikio Sawamura', ''),
(1600, 'Atsushi Watanabe', ''),
(1601, 'Susumu Fujita', ''),
(1602, 'Kyû Sazanka', ''),
(1604, 'Salman Khan', ''),
(1605, 'Raveena Tandon', ''),
(1606, 'Karisma Kapoor', ''),
(1607, 'Paresh Rawal', ''),
(1608, 'Viju Khote', ''),
(1609, 'Shehzad Khan', ''),
(1610, 'Mehmood', ''),
(1611, 'Deven Verma', ''),
(1612, 'Jagdeep', ''),
(1613, 'Tiku Talsania', ''),
(1614, 'Suresh Bhagwat', ''),
(1615, 'Harish Patel', ''),
(1616, 'Javed Khan', ''),
(1617, 'Anand Mishra', ''),
(1621, 'Katie Holmes', ''),
(1625, 'Rutger Hauer', ''),
(1628, 'Linus Roache', ''),
(1631, 'Gerard Murphy', ''),
(1632, 'Colin McFarlane', ''),
(1634, 'Walter Huston', ''),
(1635, 'Tim Holt', ''),
(1636, 'Bruce Bennett', ''),
(1637, 'Barton MacLane', ''),
(1638, 'Alfonso Bedoya', ''),
(1639, 'Arturo Soto Rangel', ''),
(1640, 'Manuel Dondé', ''),
(1641, 'José Torvay', ''),
(1642, 'Margarito Luna', ''),
(1644, 'Tony Curtis', ''),
(1646, 'George Raft', ''),
(1647, 'Pat O''Brien', ''),
(1648, 'Joe E. Brown', ''),
(1649, 'Nehemiah Persoff', ''),
(1651, 'Billy Gray', ''),
(1652, 'George E. Stone', ''),
(1653, 'Dave Barry', ''),
(1654, 'Mike Mazurki', ''),
(1655, 'Harry Wilson', ''),
(1656, 'Beverly Wills', ''),
(1657, 'Barbara Drew', ''),
(1658, 'Edward Asner', ''),
(1659, 'Christopher Plummer', ''),
(1660, 'Jordan Nagai', ''),
(1661, 'Bob Peterson', ''),
(1662, 'Delroy Lindo', ''),
(1663, 'Jerome Ranft', ''),
(1665, 'David Kaye', ''),
(1666, 'Elie Docter', ''),
(1667, 'Jeremy Leary', ''),
(1668, 'Mickie McGowan', ''),
(1669, 'Danny Mann', ''),
(1671, 'Jess Harnell', ''),
(1672, 'Josh Cooley', ''),
(1674, 'Gene Hackman', ''),
(1677, 'Jaimz Woolvett', ''),
(1678, 'Saul Rubinek', ''),
(1679, 'Frances Fisher', ''),
(1680, 'Anna Levine', ''),
(1681, 'David Mucci', ''),
(1682, 'Rob Campbell', ''),
(1683, 'Anthony James', ''),
(1684, 'Tara Frederick', ''),
(1685, 'Beverley Elliott', ''),
(1686, 'Liisa Repo-Martell', ''),
(1687, 'Josie Smith', ''),
(1689, 'Alida Valli', ''),
(1690, 'Orson Welles', ''),
(1691, 'Trevor Howard', ''),
(1692, 'Bernard Lee', ''),
(1693, 'Paul Hörbiger', ''),
(1694, 'Ernst Deutsch', ''),
(1695, 'Siegfried Breuer', ''),
(1696, 'Erich Ponto', ''),
(1697, 'Wilfrid Hyde-White', ''),
(1698, 'Hedwig Bleibtreu', ''),
(1699, 'Bruno Ganz', ''),
(1700, 'Alexandra Maria Lara', ''),
(1701, 'Corinna Harfouch', ''),
(1702, 'Ulrich Matthes', ''),
(1703, 'Juliane Köhler', ''),
(1704, 'Heino Ferch', ''),
(1705, 'Christian Berkel', ''),
(1706, 'Matthias Habich', ''),
(1707, 'Thomas Kretschmann', ''),
(1708, 'Michael Mendl', ''),
(1709, 'André Hennicke', ''),
(1710, 'Ulrich Noethen', ''),
(1711, 'Birgit Minichmayr', ''),
(1712, 'Rolf Kanies', ''),
(1713, 'Justus von Dohnányi', ''),
(1715, 'Cathy Moriarty', ''),
(1718, 'Nicholas Colasanto', ''),
(1719, 'Theresa Saldana', ''),
(1720, 'Mario Gallo', ''),
(1721, 'Frank Adonis', ''),
(1722, 'Joseph Bono', ''),
(1723, 'Frank Topham', ''),
(1724, 'Lori Anne Flax', ''),
(1726, 'Don Dunphy', ''),
(1727, 'Bill Hanrahan', ''),
(1728, 'Rita Bennett', ''),
(1730, 'Bonnie Bedelia', ''),
(1731, 'Reginald VelJohnson', ''),
(1732, 'Paul Gleason', ''),
(1733, 'William Atherton', ''),
(1734, 'Hart Bochner', ''),
(1735, 'James Shigeta', ''),
(1736, 'Alan Rickman', ''),
(1737, 'Alexander Godunov', ''),
(1738, 'Bruno Doyon', ''),
(1739, 'De''voreaux White', ''),
(1740, 'Andreas Wisniewski', ''),
(1741, 'Clarence Gilyard Jr.', ''),
(1742, 'Joey Plewa', ''),
(1743, 'Lorenzo Caccialanza', ''),
(1744, 'Mohammad Amir Naji', ''),
(1745, 'Amir Farrokh Hashemian', ''),
(1746, 'Bahare Seddiqi', ''),
(1747, 'Nafise Jafar-Mohammadi', ''),
(1748, 'Fereshte Sarabandi', ''),
(1749, 'Kamal Mirkarimi', ''),
(1750, 'Behzad Rafi', ''),
(1751, 'Dariush Mokhtari', ''),
(1752, 'Mohammad-Hasan Hosseinian', ''),
(1753, 'Masume Dair', ''),
(1754, 'Kambiz Peykarnegar', ''),
(1755, 'Hasan Roohparvari', ''),
(1756, 'Abbas-Ali Roomandi', ''),
(1757, 'Jafar Seyfollahi', ''),
(1758, 'Qolamreza Maleki', ''),
(1759, 'Steve McQueen', ''),
(1760, 'James Garner', ''),
(1761, 'Richard Attenborough', ''),
(1762, 'James Donald', ''),
(1764, 'Donald Pleasence', ''),
(1765, 'James Coburn', ''),
(1766, 'Hannes Messemer', ''),
(1767, 'David McCallum', ''),
(1768, 'Gordon Jackson', ''),
(1769, 'John Leyton', ''),
(1770, 'Angus Lennie', ''),
(1771, 'Nigel Stock', ''),
(1772, 'Robert Graf', ''),
(1773, 'Jud Taylor', ''),
(1776, 'Val Kilmer', ''),
(1777, 'Jon Voight', ''),
(1779, 'Diane Venora', ''),
(1780, 'Amy Brenneman', ''),
(1781, 'Ashley Judd', ''),
(1782, 'Mykelti Williamson', ''),
(1783, 'Wes Studi', ''),
(1784, 'Ted Levine', ''),
(1785, 'Dennis Haysbert', ''),
(1786, 'William Fichtner', ''),
(1788, 'Tom Noonan', ''),
(1790, 'Faye Dunaway', ''),
(1791, 'John Huston', ''),
(1792, 'Perry Lopez', ''),
(1793, 'John Hillerman', ''),
(1794, 'Darrell Zwerling', ''),
(1795, 'Diane Ladd', ''),
(1796, 'Roy Jenson', ''),
(1797, 'Roman Polanski', ''),
(1798, 'Richard Bakalyan', ''),
(1799, 'Joe Mantell', ''),
(1800, 'Bruce Glover', ''),
(1801, 'Nandu Hinds', ''),
(1802, 'James O''Rear', ''),
(1803, 'James Hong', ''),
(1804, 'Akshay Kumar', ''),
(1806, 'Sunil Shetty', ''),
(1807, 'Tabu', ''),
(1808, 'Om Puri', ''),
(1809, 'Gulshan Grover', ''),
(1810, 'Kulbhushan Kharbanda', ''),
(1811, 'Mukesh Khanna', ''),
(1812, 'Asrani', ''),
(1813, 'Sulabha Arya', ''),
(1814, 'Dinesh Hingoo', ''),
(1815, 'Mushtaq Khan', ''),
(1816, 'Razak Khan', ''),
(1817, 'Kashmira Shah', ''),
(1818, 'Namrata Shirodkar', ''),
(1819, 'Amy Poehler', ''),
(1820, 'Phyllis Smith', ''),
(1821, 'Richard Kind', ''),
(1822, 'Bill Hader', ''),
(1823, 'Lewis Black', ''),
(1824, 'Mindy Kaling', ''),
(1825, 'Kaitlyn Dias', ''),
(1826, 'Diane Lane', ''),
(1827, 'Kyle MacLachlan', ''),
(1828, 'Paula Poundstone', ''),
(1829, 'Bobby Moynihan', ''),
(1830, 'Paula Pell', ''),
(1831, 'Dave Goelz', ''),
(1834, 'Sener Sen', ''),
(1835, 'Ugur Yücel', ''),
(1836, 'Sermin Hürmeriç', ''),
(1837, 'Yesim Salkim', ''),
(1838, 'Kamran Usluer', ''),
(1839, 'Ulku Duru', ''),
(1840, 'Özkan Ugur', ''),
(1841, 'Necdet Mahfi Ayral', ''),
(1842, 'Kayhan Yildizoglu', ''),
(1843, 'Güven Hokna', ''),
(1844, 'Kemal Inci', ''),
(1845, 'Melih Çardak', ''),
(1846, 'Settar Tanriögen', ''),
(1847, 'Celal Perk', ''),
(1848, 'Ümit Çirak', ''),
(1849, 'Anupam Kher', ''),
(1850, 'Naseeruddin Shah', ''),
(1851, 'Jimmy Shergill', ''),
(1852, 'Deepal Shaw', ''),
(1853, 'Aamir Bashir', ''),
(1854, 'Kali Prasad Mukherjee', ''),
(1855, 'Mukesh Bhatt', ''),
(1856, 'Gaurav Kapoor', ''),
(1857, 'Chetan Pandit', ''),
(1858, 'Veerendra Saxena', ''),
(1859, 'Snehal Dabi', ''),
(1860, 'Rohitashv Gour', ''),
(1861, 'Vijay Bhatia', ''),
(1862, 'Aayam Mehta', ''),
(1863, 'Rajendra Chawla', ''),
(1864, 'Ivana Baquero', ''),
(1865, 'Sergi López', ''),
(1866, 'Maribel Verdú', ''),
(1867, 'Doug Jones', ''),
(1868, 'Ariadna Gil', ''),
(1869, 'Álex Angulo', ''),
(1870, 'Manolo Solo', ''),
(1871, 'César Vea', ''),
(1872, 'Roger Casamajor', ''),
(1873, 'Ivan Massagué', ''),
(1874, 'Gonzalo Uriarte', ''),
(1875, 'Eusebio Lázaro', ''),
(1876, 'Francisco Vidal', ''),
(1877, 'Juanjo Cucalón', ''),
(1878, 'Lina Mira', ''),
(1880, 'Shin''ichi Himori', ''),
(1881, 'Haruo Tanaka', ''),
(1883, 'Miki Odagiri', ''),
(1885, 'Minosuke Yamada', ''),
(1887, 'Makoto Kobori', ''),
(1888, 'Nobuo Kaneko', ''),
(1889, 'Nobuo Nakamura', ''),
(1892, 'Masao Shimizu', ''),
(1893, 'Yûnosuke Itô', ''),
(1894, 'Chika Sakamoto', ''),
(1895, 'Hitoshi Takagi', ''),
(1896, 'Noriko Hidaka', ''),
(1897, 'Shigesato Itoi', ''),
(1898, 'Tanie Kitabayashi', ''),
(1899, 'Toshiyuki Amagasa', ''),
(1900, 'Naoki Tatsuta', ''),
(1901, 'Frank Welker', ''),
(1902, 'Lea Salonga', ''),
(1903, 'Pat Carroll', ''),
(1904, 'Tim Daly', ''),
(1905, 'Matt Adler', ''),
(1906, 'Newell Alexander', ''),
(1907, 'Paul Butcher', ''),
(1908, 'Cheryl Chase', ''),
(1910, 'Karl Malden', ''),
(1912, 'Rod Steiger', ''),
(1913, 'Pat Henning', ''),
(1914, 'Leif Erickson', ''),
(1915, 'James Westerfield', ''),
(1916, 'Tony Galento', ''),
(1917, 'Tami Mauriello', ''),
(1918, 'John F. Hamilton', ''),
(1919, 'John Heldabrand', ''),
(1921, 'Don Blackman', ''),
(1922, 'Arthur Keegan', ''),
(1923, 'Abe Simon', ''),
(1924, 'Brie Larson', ''),
(1925, 'Jacob Tremblay', ''),
(1926, 'Sean Bridgers', ''),
(1927, 'Wendy Crewson', ''),
(1928, 'Sandy McMaster', ''),
(1929, 'Matt Gordon', ''),
(1930, 'Amanda Brugel', ''),
(1931, 'Joe Pingue', ''),
(1932, 'Joan Allen', ''),
(1933, 'Zarrin Darnell-Martin', ''),
(1934, 'Cas Anvar', ''),
(1935, 'William H. Macy', ''),
(1936, 'Jee-Yun Lee', ''),
(1937, 'Randal Edwards', ''),
(1938, 'Justin Mader', ''),
(1940, 'Akira Terao', ''),
(1941, 'Jinpachi Nezu', ''),
(1942, 'Daisuke Ryû', ''),
(1943, 'Mieko Harada', ''),
(1944, 'Yoshiko Miyazaki', ''),
(1945, 'Hisashi Igawa', ''),
(1946, 'Pîtâ', ''),
(1947, 'Masayuki Yui', ''),
(1948, 'Kazuo Katô', ''),
(1949, 'Norio Matsui', ''),
(1950, 'Toshiya Ito', ''),
(1951, 'Kenji Kodama', ''),
(1952, 'Takashi Watanabe', ''),
(1953, 'Mansai Nomura', ''),
(1955, 'Mack Swain', ''),
(1956, 'Tom Murray', ''),
(1958, 'Malcolm Waite', ''),
(1959, 'Georgia Hale', ''),
(1963, 'Sessue Hayakawa', ''),
(1965, 'Geoffrey Horne', ''),
(1966, 'André Morell', ''),
(1967, 'Peter Williams', ''),
(1968, 'John Boxer', ''),
(1969, 'Percy Herbert', ''),
(1970, 'Harold Goodwin', ''),
(1971, 'Ann Sears', ''),
(1972, 'Heihachirô Ôkawa', ''),
(1973, 'Keiichirô Katsumoto', ''),
(1974, 'M.R.B. Chakrabandhu', ''),
(1975, 'Soledad Villamil', ''),
(1976, 'Ricardo Darín', ''),
(1977, 'Carla Quevedo', ''),
(1978, 'Pablo Rago', ''),
(1979, 'Javier Godino', ''),
(1980, 'Bárbara Palladino', ''),
(1981, 'Rudy Romano', ''),
(1982, 'Alejandro Abelenda', ''),
(1983, 'Mario Alarcón', ''),
(1984, 'Guillermo Francella', ''),
(1985, 'Sebastián Blanco', ''),
(1986, 'Mariano Argento', ''),
(1987, 'José Luis Gioia', ''),
(1988, 'Juan José Ortíz', ''),
(1989, 'Kiko Cerone', ''),
(1990, 'Jean Arthur', ''),
(1993, 'Edward Arnold', ''),
(1994, 'Guy Kibbee', ''),
(1996, 'Eugene Pallette', ''),
(1999, 'Harry Carey', ''),
(2000, 'Astrid Allwyn', ''),
(2001, 'Ruth Donnelly', ''),
(2002, 'Grant Mitchell', ''),
(2004, 'H.V. Kaltenborn', ''),
(2007, 'Sean Young', ''),
(2008, 'Edward James Olmos', ''),
(2009, 'M. Emmet Walsh', ''),
(2010, 'Daryl Hannah', ''),
(2011, 'William Sanderson', ''),
(2012, 'Brion James', ''),
(2014, 'Joanna Cassidy', ''),
(2016, 'Morgan Paull', ''),
(2017, 'Kevin Thompson', ''),
(2018, 'John Edward Allen', ''),
(2019, 'Hy Pyke', ''),
(2020, 'Gunnar Björnstrand', ''),
(2021, 'Bengt Ekerot', ''),
(2022, 'Nils Poppe', ''),
(2023, 'Max von Sydow', ''),
(2024, 'Bibi Andersson', ''),
(2025, 'Inga Gill', ''),
(2026, 'Maud Hansson', ''),
(2027, 'Inga Landgré', ''),
(2028, 'Gunnel Lindblom', ''),
(2029, 'Bertil Anderberg', ''),
(2030, 'Anders Ek', ''),
(2031, 'Åke Fridell', ''),
(2032, 'Gunnar Olsson', ''),
(2033, 'Erik Strandmark', ''),
(2034, 'Chieko Baishô', ''),
(2035, 'Takuya Kimura', ''),
(2036, 'Akihiro Miwa', ''),
(2039, 'Mitsunori Isaki', ''),
(2041, 'Akio Ôtsuka', ''),
(2042, 'Daijirô Harada', ''),
(2043, 'Haruko Katô', ''),
(2044, 'Jean Simmons', ''),
(2046, 'Lauren Bacall', ''),
(2047, 'Blythe Danner', ''),
(2048, 'Emily Mortimer', ''),
(2050, 'Dexter Fletcher', ''),
(2051, 'Nick Moran', ''),
(2053, 'Steven Mackintosh', ''),
(2054, 'Nicholas Rowe', ''),
(2055, 'Nick Marcq', ''),
(2056, 'Charles Forbes', ''),
(2058, 'Lenny McLean', ''),
(2059, 'Peter McNicholl', ''),
(2060, 'P.H. Moriarty', ''),
(2061, 'Frank Harper', ''),
(2062, 'Steve Sweeney', ''),
(2063, 'Huggy Leaver', ''),
(2064, 'Sunil Dutt', ''),
(2065, 'Sanjay Dutt', ''),
(2066, 'Arshad Warsi', ''),
(2067, 'Gracy Singh', ''),
(2069, 'Rohini Hattangadi', ''),
(2070, 'Kurush Deboo', ''),
(2072, 'Yatin Karyekar', ''),
(2073, 'Suresh Chatwal', ''),
(2074, 'Neha Dubey', ''),
(2075, 'Mumait Khan', ''),
(2076, 'Priya Bapat', ''),
(2077, 'Anuradha Chandan', ''),
(2078, 'Chirkut', ''),
(2080, 'Sharon Stone', ''),
(2084, 'Alan King', ''),
(2086, 'L.Q. Jones', ''),
(2087, 'Dick Smothers', ''),
(2089, 'John Bloom', ''),
(2090, 'Pasquale Cajano', ''),
(2091, 'Melissa Prophet', ''),
(2092, 'Bill Allison', ''),
(2093, 'Vinny Vella', ''),
(2095, 'Siddharth', ''),
(2097, 'Kunal Kapoor', ''),
(2098, 'Atul Kulkarni', ''),
(2099, 'Alice Patten', ''),
(2100, 'Soha Ali Khan', ''),
(2103, 'Waheeda Rehman', ''),
(2105, 'Kiron Kher', ''),
(2107, 'Lekh Tandon', ''),
(2108, 'Cyrus Sahukar', ''),
(2109, 'Spencer Tracy', ''),
(2110, 'Burt Lancaster', ''),
(2111, 'Richard Widmark', ''),
(2113, 'Maximilian Schell', ''),
(2114, 'Judy Garland', ''),
(2115, 'Montgomery Clift', ''),
(2116, 'William Shatner', ''),
(2117, 'Werner Klemperer', ''),
(2118, 'Kenneth MacKenna', ''),
(2119, 'Torben Meyer', ''),
(2120, 'Joseph Bernard', ''),
(2121, 'Alan Baxter', ''),
(2123, 'Virginia Christine', ''),
(2124, 'Dharmendra', ''),
(2125, 'Sanjeev Kumar', ''),
(2126, 'Hema Malini', ''),
(2127, 'Amitabh Bachchan', ''),
(2128, 'Jaya Bhaduri', ''),
(2129, 'Amjad Khan', ''),
(2130, 'A.K. Hangal', ''),
(2131, 'Satyendra Kapoor', ''),
(2132, 'Iftekhar', ''),
(2133, 'Leela Mishra', ''),
(2134, 'Vikas Anand', ''),
(2135, 'Mac Mohan', ''),
(2136, 'Keshto Mukherjee', ''),
(2137, 'Sachin', ''),
(2138, 'Alankar Joshi', ''),
(2139, 'Victor Sjöström', ''),
(2141, 'Ingrid Thulin', ''),
(2143, 'Jullan Kindahl', '');
INSERT INTO `actors` (`id`, `name`, `gender`) VALUES
(2144, 'Folke Sundquist', ''),
(2145, 'Björn Bjelfvenstam', ''),
(2146, 'Naima Wifstrand', ''),
(2147, 'Gunnel Broström', ''),
(2148, 'Gertrud Fridh', ''),
(2149, 'Sif Ruud', ''),
(2150, 'Gunnar Sjöberg', ''),
(2153, 'Yngve Nordwall', ''),
(2155, 'Marion Mack', ''),
(2156, 'Glen Cavender', ''),
(2157, 'Jim Farley', ''),
(2158, 'Frederick Vroom', ''),
(2159, 'Charles Henry Smith', ''),
(2160, 'Frank Barnes', ''),
(2161, 'Joe Keaton', ''),
(2162, 'Mike Donlin', ''),
(2163, 'Tom Nawn', ''),
(2166, 'Anne Bancroft', ''),
(2167, 'John Gielgud', ''),
(2168, 'Wendy Hiller', ''),
(2169, 'Freddie Jones', ''),
(2170, 'Michael Elphick', ''),
(2171, 'Hannah Gordon', ''),
(2172, 'Helen Ryan', ''),
(2173, 'John Standing', ''),
(2175, 'Lesley Dunlop', ''),
(2176, 'Phoebe Nicholls', ''),
(2177, 'Pat Gorman', ''),
(2178, 'Claire Davenport', ''),
(2180, 'Ed Harris', ''),
(2183, 'Paul Bettany', ''),
(2185, 'Josh Lucas', ''),
(2186, 'Anthony Rapp', ''),
(2187, 'Jason Gray-Stanford', ''),
(2188, 'Judd Hirsch', ''),
(2189, 'Austin Pendleton', ''),
(2190, 'Vivien Cardone', ''),
(2191, 'Jillie Simon', ''),
(2192, 'Victor Steinbach', ''),
(2193, 'Tanya Clarke', ''),
(2194, 'Maria Falconetti', ''),
(2195, 'Eugene Silvain', ''),
(2196, 'André Berley', ''),
(2197, 'Maurice Schutz', ''),
(2198, 'Antonin Artaud', ''),
(2199, 'Michel Simon', ''),
(2200, 'Jean d''Yd', ''),
(2201, 'Louis Ravet', ''),
(2202, 'Armand Lurville', ''),
(2203, 'Jacques Arnna', ''),
(2204, 'Alexandre Mihalesco', ''),
(2205, 'Léon Larive', ''),
(2206, 'Joel Edgerton', ''),
(2208, 'Nick Nolte', ''),
(2209, 'Jennifer Morrison', ''),
(2210, 'Frank Grillo', ''),
(2211, 'Kevin Dunn', ''),
(2212, 'Maximiliano Hernández', ''),
(2213, 'Bryan Callen', ''),
(2214, 'Sam Sheridan', ''),
(2215, 'Fernando Chien', ''),
(2216, 'Jake McLaughlin', ''),
(2217, 'Vanessa Martinez', ''),
(2218, 'Denzel Whitaker', ''),
(2219, 'Robert C. Miranda', ''),
(2220, 'Manuel Espinosa', ''),
(2221, 'Mustafa Kamel', ''),
(2222, 'Hussein Sami', ''),
(2223, 'Rémy Girard', ''),
(2224, 'Mélissa Désormeaux-Poulin', ''),
(2225, 'Maxim Gaudette', ''),
(2226, 'Dominique Briand', ''),
(2227, 'Lubna Azabal', ''),
(2228, 'Frédéric Paquet', ''),
(2229, 'Hamed Najem', ''),
(2230, 'Ahmad Massad', ''),
(2231, 'Bader Alami', ''),
(2232, 'Majida Hussein', ''),
(2233, 'Asriah Nijres', ''),
(2234, 'John Dunn-Hill', ''),
(2235, 'Nadia Essadiqi', ''),
(2238, 'Stephen Rea', ''),
(2239, 'Stephen Fry', ''),
(2241, 'Tim Pigott-Smith', ''),
(2242, 'Rupert Graves', ''),
(2243, 'Roger Allam', ''),
(2244, 'Ben Miles', ''),
(2245, 'Sinéad Cusack', ''),
(2246, 'Natasha Wightman', ''),
(2248, 'Eddie Marsan', ''),
(2249, 'Clive Ashborn', ''),
(2250, 'Emma Field-Rayner', ''),
(2251, 'George O''Brien', ''),
(2252, 'Janet Gaynor', ''),
(2253, 'Margaret Livingston', ''),
(2254, 'Bodil Rosing', ''),
(2255, 'J. Farrell MacDonald', ''),
(2256, 'Ralph Sipperly', ''),
(2257, 'Jane Winton', ''),
(2258, 'Arthur Housman', ''),
(2259, 'Eddie Boland', ''),
(2260, 'Vondell Darr', ''),
(2262, 'Jonah Hill', ''),
(2263, 'Margot Robbie', ''),
(2265, 'Kyle Chandler', ''),
(2266, 'Rob Reiner', ''),
(2267, 'Jon Bernthal', ''),
(2268, 'Jon Favreau', ''),
(2269, 'Jean Dujardin', ''),
(2270, 'Joanna Lumley', ''),
(2271, 'Cristin Milioti', ''),
(2273, 'Shea Whigham', ''),
(2274, 'Katarina Cas', ''),
(2275, 'P.J. Byrne', ''),
(2276, 'Ajay Devgn', ''),
(2277, 'Shriya Saran', ''),
(2279, 'Rajat Kapoor', ''),
(2280, 'Ishita Dutta', ''),
(2281, 'Mrunal Jadhav', ''),
(2282, 'Prasanna Ketkar', ''),
(2283, 'Yogesh Sonam', ''),
(2284, 'Prathamesh Parab', ''),
(2285, 'Rishabh Chaddha', ''),
(2286, 'Ashish Warang', ''),
(2287, 'Anil Nagarkar', ''),
(2288, 'Tarun Shukla', ''),
(2289, 'Smita Inamdar', ''),
(2290, 'Sanjay Bhatia', ''),
(2292, 'Christopher Carley', ''),
(2293, 'Bee Vang', ''),
(2294, 'Ahney Her', ''),
(2295, 'Brian Haley', ''),
(2296, 'Geraldine Hughes', ''),
(2297, 'Dreama Walker', ''),
(2298, 'Brian Howe', ''),
(2299, 'John Carroll Lynch', ''),
(2300, 'William Hill', ''),
(2301, 'Brooke Chia Thao', ''),
(2302, 'Chee Thao', ''),
(2303, 'Choua Kue', ''),
(2304, 'Scott Eastwood', ''),
(2305, 'Xia Soua Chang', ''),
(2306, 'Jeff Bridges', ''),
(2307, 'John Goodman', ''),
(2308, 'Julianne Moore', ''),
(2310, 'David Huddleston', ''),
(2311, 'Philip Seymour Hoffman', ''),
(2312, 'Tara Reid', ''),
(2313, 'Philip Moon', ''),
(2314, 'Mark Pellegrino', ''),
(2315, 'Peter Stormare', ''),
(2316, 'Flea', ''),
(2317, 'Torsten Voges', ''),
(2318, 'Jimmie Dale Gilmore', ''),
(2319, 'Jack Kehler', ''),
(2320, 'John Turturro', ''),
(2321, 'Chishû Ryû', ''),
(2322, 'Chieko Higashiyama', ''),
(2323, 'Setsuko Hara', ''),
(2324, 'Haruko Sugimura', ''),
(2325, 'Sô Yamamura', ''),
(2326, 'Kuniko Miyake', ''),
(2327, 'Kyôko Kagawa', ''),
(2330, 'Shirô Ôsaka', ''),
(2331, 'Hisao Toake', ''),
(2332, 'Teruko Nagaoka', ''),
(2333, 'Mutsuko Sakura', ''),
(2334, 'Toyo Takahashi', ''),
(2335, 'Tôru Abe', ''),
(2336, 'Ray Milland', ''),
(2338, 'Robert Cummings', ''),
(2340, 'Anthony Dawson', ''),
(2341, 'Leo Britt', ''),
(2342, 'Patrick Allen', ''),
(2343, 'George Leigh', ''),
(2344, 'George Alderson', ''),
(2345, 'Robin Hughes', ''),
(2348, 'John Savage', ''),
(2349, 'Christopher Walken', ''),
(2350, 'Meryl Streep', ''),
(2351, 'George Dzundza', ''),
(2352, 'Chuck Aspegren', ''),
(2353, 'Shirley Stoler', ''),
(2354, 'Rutanya Alda', ''),
(2355, 'Pierre Segui', ''),
(2356, 'Mady Kaplan', ''),
(2357, 'Amy Wright', ''),
(2358, 'Mary Ann Haenel', ''),
(2359, 'Richard Kuss', ''),
(2360, 'Joe Grifasi', ''),
(2361, 'Ewan McGregor', ''),
(2363, 'Jonny Lee Miller', ''),
(2364, 'Kevin McKidd', ''),
(2365, 'Robert Carlyle', ''),
(2366, 'Kelly Macdonald', ''),
(2367, 'Peter Mullan', ''),
(2369, 'Eileen Nicholas', ''),
(2370, 'Susan Vidler', ''),
(2371, 'Pauline Lynch', ''),
(2372, 'Shirley Henderson', ''),
(2373, 'Stuart McQuarrie', ''),
(2374, 'Irvine Welsh', ''),
(2375, 'Dale Winton', ''),
(2377, 'Barbara O''Neil', ''),
(2378, 'Vivien Leigh', ''),
(2379, 'Evelyn Keyes', ''),
(2380, 'Ann Rutherford', ''),
(2381, 'George Reeves', ''),
(2382, 'Fred Crane', ''),
(2383, 'Hattie McDaniel', ''),
(2384, 'Oscar Polk', ''),
(2385, 'Butterfly McQueen', ''),
(2386, 'Victor Jory', ''),
(2387, 'Everett Brown', ''),
(2388, 'Howard C. Hickman', ''),
(2389, 'Alicia Rhett', ''),
(2390, 'Leslie Howard', ''),
(2394, 'Kristin Rudrüd', ''),
(2395, 'Harve Presnell', ''),
(2396, 'Tony Denman', ''),
(2397, 'Gary Houston', ''),
(2398, 'Sally Wingert', ''),
(2399, 'Kurt Schweickhardt', ''),
(2400, 'Larissa Kokernot', ''),
(2401, 'Melissa Peterman', ''),
(2402, 'Steve Reevis', ''),
(2403, 'Warren Keith', ''),
(2404, 'Steve Edelman', ''),
(2405, 'Sharon Anderson', ''),
(2407, 'Ellen DeGeneres', ''),
(2408, 'Alexander Gould', ''),
(2409, 'Willem Dafoe', ''),
(2410, 'Brad Garrett', ''),
(2413, 'Stephen Root', ''),
(2414, 'Vicki Lewis', ''),
(2415, 'Joe Ranft', ''),
(2416, 'Geoffrey Rush', ''),
(2417, 'Andrew Stanton', ''),
(2418, 'Elizabeth Perkins', ''),
(2419, 'Nicholas Bird', ''),
(2421, 'Laurence Olivier', ''),
(2422, 'Joan Fontaine', ''),
(2424, 'Judith Anderson', ''),
(2425, 'Nigel Bruce', ''),
(2426, 'Reginald Denny', ''),
(2427, 'C. Aubrey Smith', ''),
(2428, 'Gladys Cooper', ''),
(2429, 'Florence Bates', ''),
(2430, 'Melville Cooper', ''),
(2432, 'Leonard Carey', ''),
(2433, 'Lumsden Hare', ''),
(2434, 'Edward Fielding', ''),
(2435, 'Philip Winter', ''),
(2437, 'George Kennedy', ''),
(2438, 'J.D. Cannon', ''),
(2439, 'Lou Antonio', ''),
(2440, 'Robert Drivas', ''),
(2441, 'Strother Martin', ''),
(2442, 'Jo Van Fleet', ''),
(2443, 'Clifton James', ''),
(2444, 'Morgan Woodward', ''),
(2445, 'Luke Askew', ''),
(2446, 'Marc Cavell', ''),
(2447, 'Richard Davalos', ''),
(2448, 'Robert Donner', ''),
(2449, 'Warren Finnerty', ''),
(2452, 'Haley Joel Osment', ''),
(2453, 'Toni Collette', ''),
(2454, 'Olivia Williams', ''),
(2455, 'Trevor Morgan', ''),
(2456, 'Donnie Wahlberg', ''),
(2457, 'Peter Anthony Tambakis', ''),
(2458, 'Jeffrey Zubernis', ''),
(2459, 'Bruce Norris', ''),
(2460, 'Glenn Fitzgerald', ''),
(2461, 'Greg Wood', ''),
(2462, 'Mischa Barton', ''),
(2463, 'Angelica Page', ''),
(2464, 'Lisa Summerour', ''),
(2465, 'Firdous Bamji', ''),
(2466, 'Kurt Russell', ''),
(2467, 'Wilford Brimley', ''),
(2468, 'T.K. Carter', ''),
(2469, 'David Clennon', ''),
(2471, 'Richard Dysart', ''),
(2472, 'Charles Hallahan', ''),
(2473, 'Peter Maloney', ''),
(2474, 'Richard Masur', ''),
(2475, 'Donald Moffat', ''),
(2476, 'Joel Polis', ''),
(2477, 'Thomas G. Waites', ''),
(2479, 'Larry J. Franco', ''),
(2480, 'Nate Irwin', ''),
(2481, 'Jay Baruchel', ''),
(2482, 'Gerard Butler', ''),
(2483, 'Craig Ferguson', ''),
(2484, 'America Ferrera', ''),
(2486, 'Christopher Mintz-Plasse', ''),
(2487, 'T.J. Miller', ''),
(2488, 'Kristen Wiig', ''),
(2489, 'Robin Atkin Downes', ''),
(2490, 'Philip McGrade', ''),
(2491, 'Kieron Elliott', ''),
(2492, 'Ashley Jensen', ''),
(2493, 'David Tennant', ''),
(2494, 'Tommy Lee Jones', ''),
(2495, 'Javier Bardem', ''),
(2496, 'Josh Brolin', ''),
(2497, 'Woody Harrelson', ''),
(2499, 'Garret Dillahunt', ''),
(2500, 'Tess Harper', ''),
(2501, 'Barry Corbin', ''),
(2503, 'Rodger Boyce', ''),
(2504, 'Beth Grant', ''),
(2505, 'Ana Reeder', ''),
(2506, 'Kit Gwin', ''),
(2507, 'Zach Hopkins', ''),
(2508, 'Chip Love', ''),
(2512, 'Adam Driver', ''),
(2513, 'Daisy Ridley', ''),
(2514, 'John Boyega', ''),
(2515, 'Oscar Isaac', ''),
(2516, 'Lupita Nyong''o', ''),
(2518, 'Domhnall Gleeson', ''),
(2522, 'Gwendoline Christie', ''),
(2523, 'Joonas Suotamo', ''),
(2524, 'Emile Hirsch', ''),
(2525, 'Marcia Gay Harden', ''),
(2526, 'William Hurt', ''),
(2527, 'Jena Malone', ''),
(2528, 'Brian H. Dierker', ''),
(2529, 'Catherine Keener', ''),
(2530, 'Vince Vaughn', ''),
(2531, 'Kristen Stewart', ''),
(2532, 'Hal Holbrook', ''),
(2533, 'Jim Gallien', ''),
(2534, 'James O''Neill', ''),
(2535, 'Malinda McCollum', ''),
(2536, 'Paul Knauls', ''),
(2537, 'Zach Galifianakis', ''),
(2538, 'Craig Mutsch', ''),
(2540, 'Lucy Liu', ''),
(2541, 'Vivica A. Fox', ''),
(2543, 'David Carradine', ''),
(2545, 'Julie Dreyfus', ''),
(2546, 'Chiaki Kuriyama', ''),
(2547, 'Shin''ichi Chiba', ''),
(2548, 'Chia-Hui Liu', ''),
(2549, 'Michael Parks', ''),
(2550, 'Michael Bowen', ''),
(2551, 'Jun Kunimura', ''),
(2552, 'Kenji Ohba', ''),
(2553, 'Yuki Kazamatsuri', ''),
(2556, 'Barry Humphries', ''),
(2557, 'Eric Bana', ''),
(2558, 'Bethany Whitmore', ''),
(2559, 'Renée Geyer', ''),
(2560, 'Ian ''Molly'' Meldrum', ''),
(2561, 'Julie Forsyth', ''),
(2562, 'John Flaus', ''),
(2563, 'Christopher Massey', ''),
(2564, 'Shaun Patten', ''),
(2565, 'Carolyn Shakespeare-Allen', ''),
(2566, 'Leanne Smith', ''),
(2568, 'Rosamund Pike', ''),
(2569, 'Neil Patrick Harris', ''),
(2570, 'Tyler Perry', ''),
(2571, 'Carrie Coon', ''),
(2572, 'Kim Dickens', ''),
(2573, 'Patrick Fugit', ''),
(2575, 'Lisa Banes', ''),
(2576, 'Missi Pyle', ''),
(2577, 'Emily Ratajkowski', ''),
(2578, 'Casey Wilson', ''),
(2579, 'Lola Kirke', ''),
(2580, 'Boyd Holbrook', ''),
(2581, 'Sela Ward', ''),
(2582, 'Daniel Day-Lewis', ''),
(2583, 'Martin Stringer', ''),
(2584, 'Matthew Braden Stringer', ''),
(2585, 'Jacob Stringer', ''),
(2586, 'Joseph Mussey', ''),
(2588, 'Harrison Taylor', ''),
(2589, 'Stockton Taylor', ''),
(2590, 'Paul F. Tompkins', ''),
(2591, 'Dillon Freasier', ''),
(2592, 'Kevin Breznahan', ''),
(2593, 'Jim Meskimen', ''),
(2594, 'Erica Sullivan', ''),
(2595, 'Randall Carver', ''),
(2596, 'Coco Leigh', ''),
(2597, 'Aleksey Kravchenko', ''),
(2598, 'Olga Mironova', ''),
(2599, 'Liubomiras Laucevicius', ''),
(2600, 'Vladas Bagdonas', ''),
(2601, 'Jüri Lumiste', ''),
(2602, 'Viktor Lorents', ''),
(2603, 'Kazimir Rabetsky', ''),
(2604, 'Evgeniy Tilicheev', ''),
(2605, 'Aleksandr Berda', ''),
(2606, 'G. Velts', ''),
(2607, 'V. Vasilyev', ''),
(2608, 'Igor Gnevashev', ''),
(2609, 'Vasiliy Domrachyov', ''),
(2610, 'G. Yelkin', ''),
(2611, 'Evgeniy Kryzhanovskiy', ''),
(2612, 'Clark Gable', ''),
(2613, 'Claudette Colbert', ''),
(2614, 'Walter Connolly', ''),
(2615, 'Roscoe Karns', ''),
(2616, 'Jameson Thomas', ''),
(2617, 'Alan Hale', ''),
(2618, 'Arthur Hoyt', ''),
(2619, 'Blanche Friderici', ''),
(2620, 'Charles C. Wilson', ''),
(2627, 'Terence Bayler', ''),
(2631, 'Charles McKeown', ''),
(2633, 'Gwen Taylor', ''),
(2634, 'Sue Jones-Davies', ''),
(2635, 'Peter Brett', ''),
(2636, 'Chris Hemsworth', ''),
(2638, 'Olivia Wilde', ''),
(2640, 'Pierfrancesco Favino', ''),
(2641, 'David Calder', ''),
(2642, 'Natalie Dormer', ''),
(2643, 'Stephen Mangan', ''),
(2644, 'Christian McKay', ''),
(2645, 'Alistair Petrie', ''),
(2646, 'Julian Rhind-Tutt', ''),
(2647, 'Colin Stinton', ''),
(2648, 'Jamie de Courcey', ''),
(2649, 'Augusto Dallara', ''),
(2650, 'Ilario Calvo', ''),
(2651, 'Don Cheadle', ''),
(2652, 'Xolani Mali', ''),
(2653, 'Desmond Dube', ''),
(2654, 'Hakeem Kae-Kazim', ''),
(2655, 'Tony Kgoroge', ''),
(2656, 'Rosie Motene', ''),
(2657, 'Neil McCarthy', ''),
(2658, 'Mabutho ''Kid'' Sithole', ''),
(2660, 'Fana Mokoena', ''),
(2661, 'Jeremiah Ndlovu', ''),
(2662, 'Sophie Okonedo', ''),
(2663, 'Lebo Mashile', ''),
(2665, 'Leleti Khumalo', ''),
(2670, 'Francesco Quinn', ''),
(2671, 'Kevin Dillon', ''),
(2672, 'John C. McGinley', ''),
(2673, 'Reggie Johnson', ''),
(2674, 'Mark Moses', ''),
(2675, 'Corey Glover', ''),
(2676, 'Johnny Depp', ''),
(2677, 'Chris Pedersen', ''),
(2678, 'Bob Orwig', ''),
(2679, 'Corkey Ford', ''),
(2680, 'David Neidorf', ''),
(2682, 'Irene Papas', ''),
(2683, 'Michael Ansara', ''),
(2684, 'Johnny Sekka', ''),
(2685, 'Michael Forest', ''),
(2686, 'Garrick Hagon', ''),
(2687, 'Damien Thomas', ''),
(2689, 'Martin Benson', ''),
(2690, 'Robert Brown', ''),
(2691, 'Rosalie Crutchley', ''),
(2692, 'Bruno Barnabe', ''),
(2693, 'Neville Jason', ''),
(2694, 'John Bennett', ''),
(2695, 'Donald Burton', ''),
(2696, 'Giulietta Masina', ''),
(2697, 'François Périer', ''),
(2698, 'Franca Marzi', ''),
(2699, 'Dorian Gray', ''),
(2700, 'Aldo Silvani', ''),
(2701, 'Ennio Girolami', ''),
(2702, 'Mario Passante', ''),
(2703, 'Christian Tassou', ''),
(2704, 'Amedeo Nazzari', ''),
(2707, 'Peter Finch', ''),
(2709, 'Wesley Addy', ''),
(2711, 'Arthur Burghardt', ''),
(2712, 'Bill Burrows', ''),
(2713, 'John Carpenter', ''),
(2714, 'Jordan Charney', ''),
(2715, 'Kathy Cronkite', ''),
(2716, 'Ed Crowley', ''),
(2717, 'Jerome Dempsey', ''),
(2718, 'Conchata Ferrell', ''),
(2719, 'Gene Gross', ''),
(2720, 'Yves Montand', ''),
(2721, 'Charles Vanel', ''),
(2722, 'Folco Lulli', ''),
(2723, 'Peter van Eyck', ''),
(2724, 'Véra Clouzot', ''),
(2725, 'William Tubbs', ''),
(2726, 'Darío Moreno', ''),
(2727, 'Jo Dest', ''),
(2728, 'Antonio Centa', ''),
(2729, 'Luis De Lima', ''),
(2730, 'Grégoire Gromoff', ''),
(2731, 'Joseph Palau-Fabre', ''),
(2732, 'Faustini', ''),
(2733, 'Seguna', ''),
(2734, 'Darling Légitimus', ''),
(2739, 'Michelle Williams', ''),
(2742, 'Jackie Earle Haley', ''),
(2745, 'Elias Koteas', ''),
(2746, 'Robin Bartlett', ''),
(2747, 'Christopher Denham', ''),
(2748, 'Nellie Sciutto', ''),
(2749, 'Joseph Sikora', ''),
(2752, 'Rachel McAdams', ''),
(2753, 'Liev Schreiber', ''),
(2754, 'John Slattery', ''),
(2755, 'Brian d''Arcy James', ''),
(2756, 'Stanley Tucci', ''),
(2757, 'Elena Wohl', ''),
(2758, 'Gene Amoroso', ''),
(2759, 'Doug Murray', ''),
(2760, 'Sharon McFarlane', ''),
(2761, 'Jamey Sheridan', ''),
(2762, 'Neal Huff', ''),
(2764, 'Robert B. Kennedy', ''),
(2766, 'Mary Astor', ''),
(2767, 'Gladys George', ''),
(2773, 'Jerome Cowan', ''),
(2774, 'Elisha Cook Jr.', ''),
(2775, 'James Burke', ''),
(2776, 'Murray Alper', ''),
(2777, 'John Hamilton', ''),
(2778, 'Wil Wheaton', ''),
(2780, 'Corey Feldman', ''),
(2781, 'Jerry O''Connell', ''),
(2782, 'Kiefer Sutherland', ''),
(2784, 'Gary Riley', ''),
(2785, 'Bradley Gregg', ''),
(2786, 'Jason Oliver', ''),
(2787, 'Marshall Bell', ''),
(2789, 'Bruce Kirby', ''),
(2790, 'William Bronder', ''),
(2791, 'Scott Beach', ''),
(2792, 'Richard Dreyfuss', ''),
(2793, 'Alison Crosbie', ''),
(2795, 'Philip King', ''),
(2796, 'Emma Thompson', ''),
(2797, 'Nye Heron', ''),
(2798, 'Anthony Brophy', ''),
(2799, 'Frankie McCafferty', ''),
(2800, 'Paul Warriner', ''),
(2801, 'Julian Walsh', ''),
(2802, 'Stuart Wolfenden', ''),
(2803, 'Jo Connor', ''),
(2804, 'Karen Carlisle', ''),
(2805, 'Seamus Moran', ''),
(2806, 'Billy Byrne', ''),
(2807, 'Maureen McBride', ''),
(2810, 'Katharine Ross', ''),
(2813, 'Jeff Corey', ''),
(2814, 'George Furth', ''),
(2815, 'Cloris Leachman', ''),
(2816, 'Ted Cassidy', ''),
(2817, 'Kenneth Mars', ''),
(2818, 'Donnelly Rhodes', ''),
(2819, 'Jody Gilbert', ''),
(2820, 'Timothy Scott', ''),
(2821, 'Don Keefer', ''),
(2824, 'Charlize Theron', ''),
(2825, 'Nicholas Hoult', ''),
(2826, 'Hugh Keays-Byrne', ''),
(2827, 'Josh Helman', ''),
(2828, 'Nathan Jones', ''),
(2829, 'Zoë Kravitz', ''),
(2830, 'Rosie Huntington-Whiteley', ''),
(2831, 'Riley Keough', ''),
(2832, 'Abbey Lee', ''),
(2833, 'Courtney Eaton', ''),
(2834, 'John Howard', ''),
(2835, 'Richard Carter', ''),
(2836, 'Iota', ''),
(2837, 'Angus Sampson', ''),
(2838, 'Jean-Pierre Léaud', ''),
(2840, 'Albert Rémy', ''),
(2841, 'Guy Decomble', ''),
(2842, 'Georges Flamant', ''),
(2843, 'Patrick Auffay', ''),
(2844, 'Daniel Couturier', ''),
(2845, 'François Nocher', ''),
(2846, 'Richard Kanayan', ''),
(2847, 'Renaud Fontanarosa', ''),
(2848, 'Michel Girard', ''),
(2849, 'Serge Moati', ''),
(2850, 'Bernard Abbou', ''),
(2851, 'Jean-François Bergouignan', ''),
(2852, 'Michel Lesignor', ''),
(2853, 'Rajat Barmecha', ''),
(2854, 'Sanjay Gandhi', ''),
(2855, 'Ronit Roy', ''),
(2856, 'Manjot Singh', ''),
(2857, 'Ram Kapoor', ''),
(2858, 'Raja Hudda', ''),
(2859, 'Varun Khettry', ''),
(2860, 'Shashi Sharma', ''),
(2861, 'Khushkeran Singh Sandhu', ''),
(2862, 'Jayanta Das', ''),
(2863, 'Akantuk Sharma', ''),
(2864, 'Sahil Sahota', ''),
(2865, 'Aayan Boradia', ''),
(2866, 'Sonia Raisurana', ''),
(2867, 'Mohammad Nizam', ''),
(2868, 'Darío Grandinetti', ''),
(2869, 'María Marull', ''),
(2870, 'Mónica Villa', ''),
(2871, 'Rita Cortese', ''),
(2872, 'Julieta Zylberberg', ''),
(2873, 'César Bordón', ''),
(2874, 'Leonardo Sbaraglia', ''),
(2875, 'Walter Donado', ''),
(2877, 'Nancy Dupláa', ''),
(2878, 'Oscar Martínez', ''),
(2879, 'María Onetto', ''),
(2880, 'Osmar Núñez', ''),
(2881, 'Germán de Silva', ''),
(2882, 'Erica Rivas', ''),
(2883, 'Chiwetel Ejiofor', ''),
(2884, 'Dwight Henry', ''),
(2885, 'Dickie Gravois', ''),
(2886, 'Bryan Batt', ''),
(2887, 'Ashley Dyke', ''),
(2888, 'Kelsey Scott', ''),
(2889, 'Quvenzhané Wallis', ''),
(2890, 'Cameron Zeigler', ''),
(2891, 'Tony Bentley', ''),
(2892, 'Scoot McNairy', ''),
(2893, 'Taran Killam', ''),
(2894, 'Christopher Berry', ''),
(2895, 'Bill Camp', ''),
(2896, 'Mister Mackey Jr.', ''),
(2897, 'Chris Chalk', ''),
(2899, 'Liv Ullmann', ''),
(2900, 'Margaretha Krook', ''),
(2902, 'Charlton Heston', ''),
(2904, 'Haya Harareet', ''),
(2905, 'Stephen Boyd', ''),
(2906, 'Hugh Griffith', ''),
(2907, 'Martha Scott', ''),
(2908, 'Cathy O''Donnell', ''),
(2909, 'Sam Jaffe', ''),
(2910, 'Finlay Currie', ''),
(2911, 'Frank Thring', ''),
(2912, 'Terence Longdon', ''),
(2913, 'George Relph', ''),
(2917, 'Mathieu Amalric', ''),
(2920, 'Jeff Goldblum', ''),
(2922, 'Jude Law', ''),
(2923, 'Bill Murray', ''),
(2925, 'Saoirse Ronan', ''),
(2926, 'Jason Schwartzman', ''),
(2927, 'Léa Seydoux', ''),
(2928, 'Tilda Swinton', ''),
(2931, 'Hilary Swank', ''),
(2934, 'Mike Colter', ''),
(2935, 'Lucia Rijker', ''),
(2936, 'Brían F. O''Byrne', ''),
(2937, 'Anthony Mackie', ''),
(2938, 'Margo Martindale', ''),
(2939, 'Riki Lindhome', ''),
(2940, 'Michael Peña', ''),
(2941, 'Benito Martinez', ''),
(2942, 'Bruce MacVittie', ''),
(2943, 'David Powledge', ''),
(2944, 'Joe D''Angerio', ''),
(2945, 'Emilio Echevarría', ''),
(2946, 'Gael García Bernal', ''),
(2947, 'Goya Toledo', ''),
(2948, 'Álvaro Guerrero', ''),
(2949, 'Vanessa Bauche', ''),
(2950, 'Jorge Salinas', ''),
(2951, 'Marco Pérez', ''),
(2952, 'Rodrigo Murray', ''),
(2953, 'Humberto Busto', ''),
(2954, 'Gerardo Campbell', ''),
(2955, 'Rosa María Bianchi', ''),
(2956, 'Dunia Saldívar', ''),
(2957, 'Adriana Barraza', ''),
(2958, 'José Sefami', ''),
(2959, 'Lourdes Echevarría', ''),
(2960, 'Cary Elwes', ''),
(2961, 'Mandy Patinkin', ''),
(2962, 'Chris Sarandon', ''),
(2963, 'Christopher Guest', ''),
(2965, 'André the Giant', ''),
(2966, 'Fred Savage', ''),
(2967, 'Robin Wright', ''),
(2968, 'Peter Falk', ''),
(2969, 'Peter Cook', ''),
(2970, 'Mel Smith', ''),
(2971, 'Carol Kane', ''),
(2972, 'Billy Crystal', ''),
(2973, 'Anne Dyson', ''),
(2974, 'Margery Mason', ''),
(2975, 'Sam Neill', ''),
(2976, 'Laura Dern', ''),
(2979, 'Bob Peck', ''),
(2980, 'Martin Ferrero', ''),
(2981, 'BD Wong', ''),
(2982, 'Joseph Mazzello', ''),
(2983, 'Ariana Richards', ''),
(2985, 'Wayne Knight', ''),
(2986, 'Gerald R. Molen', ''),
(2987, 'Miguel Sandoval', ''),
(2988, 'Cameron Thor', ''),
(2989, 'Christopher John Fields', ''),
(2990, 'Richard Gere', ''),
(2992, 'Cary-Hiroyuki Tagawa', ''),
(2993, 'Sarah Roemer', ''),
(2994, 'Jason Alexander', ''),
(2995, 'Erick Avari', ''),
(2996, 'Davenia McFadden', ''),
(2997, 'Robbie Sublett', ''),
(2998, 'Kevin DeCoste', ''),
(2999, 'Rob Degnan', ''),
(3000, 'Tora Hallström', ''),
(3001, 'Donna Sorbello', ''),
(3002, 'Frank S. Aronson', ''),
(3003, 'Troy Doherty', ''),
(3004, 'Ian Sherman', ''),
(3005, 'Sumi Shimamoto', ''),
(3006, 'Mahito Tsujimura', ''),
(3007, 'Hisako Kyôda', ''),
(3008, 'Gorô Naya', ''),
(3009, 'Ichirô Nagai', ''),
(3010, 'Kôhei Miyauchi', ''),
(3011, 'Jôji Yanami', ''),
(3012, 'Minoru Yada', ''),
(3013, 'Rihoko Yoshida', ''),
(3014, 'Masako Sugaya', ''),
(3015, 'Takako Sasuga', ''),
(3017, 'Tarako', ''),
(3018, 'Yôji Matsuda', ''),
(3019, 'Mîna Tominaga', ''),
(3020, 'Shah Rukh Khan', ''),
(3021, 'Vidya Malvade', ''),
(3022, 'Sagarika Ghatge', ''),
(3023, 'Shilpa Shukla', ''),
(3024, 'Arya Menon', ''),
(3025, 'Seema Azmi', ''),
(3026, 'Nisha Nair', ''),
(3027, 'Sandia Furtado', ''),
(3028, 'Masochon V. Zimik', ''),
(3029, 'Kimi Laldawla', ''),
(3030, 'Chitrashi Rawat', ''),
(3031, 'Shubhi Mehta', ''),
(3032, 'Anaitha Nair', ''),
(3033, 'Tanya Abrol', ''),
(3034, 'Kimberly Miranda', ''),
(3035, 'Alisa Freyndlikh', ''),
(3036, 'Aleksandr Kaydanovskiy', ''),
(3037, 'Anatoliy Solonitsyn', ''),
(3038, 'Nikolay Grinko', ''),
(3039, 'Natalya Abramova', ''),
(3040, 'Faime Jurno', ''),
(3041, 'E. Kostin', ''),
(3042, 'Raymo Rendi', ''),
(3043, 'Kang-ho Song', ''),
(3044, 'Sang-kyung Kim', ''),
(3045, 'Roe-ha Kim', ''),
(3046, 'Jae-ho Song', ''),
(3047, 'Hie-bong Byeon', ''),
(3048, 'Seo-hie Ko', ''),
(3049, 'No-shik Park', ''),
(3050, 'Hae-il Park', ''),
(3051, 'Mi-seon Jeon', ''),
(3052, 'Young-hwa Seo', ''),
(3053, 'Bong-gi Baek', ''),
(3054, 'Hyeon-gi Choi', ''),
(3055, 'Jong-ryol Choi', ''),
(3056, 'In-seon Jeong', ''),
(3057, 'Deok-jae Jo', ''),
(3061, 'Joseph Calleia', ''),
(3062, 'Akim Tamiroff', ''),
(3063, 'Joanna Moore', ''),
(3065, 'Dennis Weaver', ''),
(3066, 'Valentin de Vargas', ''),
(3068, 'Victor Millan', ''),
(3069, 'Lalo Rios', ''),
(3070, 'Michael Sargent', ''),
(3071, 'Phil Harvey', ''),
(3072, 'Joi Lansing', ''),
(3074, 'Jane Darwell', ''),
(3075, 'John Carradine', ''),
(3076, 'Charley Grapewin', ''),
(3077, 'Dorris Bowdon', ''),
(3078, 'Russell Simpson', ''),
(3079, 'O.Z. Whitehead', ''),
(3081, 'Eddie Quillan', ''),
(3082, 'Zeffie Tilbury', ''),
(3083, 'Frank Sully', ''),
(3084, 'Frank Darien', ''),
(3085, 'Darryl Hickman', ''),
(3086, 'Shirley Mills', ''),
(3087, 'Roger Imhof', ''),
(3089, 'Laura Linney', ''),
(3090, 'Noah Emmerich', ''),
(3091, 'Natascha McElhone', ''),
(3092, 'Holland Taylor', ''),
(3093, 'Brian Delate', ''),
(3094, 'Blair Slater', ''),
(3095, 'Peter Krause', ''),
(3096, 'Heidi Schanz', ''),
(3097, 'Ron Taylor', ''),
(3098, 'Don Taylor', ''),
(3099, 'Ted Raymond', ''),
(3100, 'Judy Clayton', ''),
(3101, 'Fritz Dominique', ''),
(3102, 'Angel Schmiedt', ''),
(3103, 'Woody Allen', ''),
(3105, 'Tony Roberts', ''),
(3107, 'Paul Simon', ''),
(3109, 'Janet Margolin', ''),
(3110, 'Colleen Dewhurst', ''),
(3112, 'Donald Symington', ''),
(3113, 'Helen Ludlam', ''),
(3114, 'Mordecai Lawner', ''),
(3115, 'Joan Neuman', ''),
(3116, 'Jonathan Munk', ''),
(3117, 'Ruth Volner', ''),
(3118, 'Ethan Hawke', ''),
(3119, 'Julie Delpy', ''),
(3120, 'Andrea Eckert', ''),
(3121, 'Hanno Pöschl', ''),
(3122, 'Karl Bruckschwaiger', ''),
(3123, 'Tex Rubinowitz', ''),
(3124, 'Erni Mangold', ''),
(3125, 'Dominik Castell', ''),
(3126, 'Haymon Maria Buttinger', ''),
(3127, 'Harald Waiglein', ''),
(3128, 'Bilge Jeschim', ''),
(3129, 'Kurti', ''),
(3130, 'Hans Weingartner', ''),
(3131, 'Liese Lyon', ''),
(3132, 'Peter Ily Huemer', ''),
(3133, 'Ginnifer Goodwin', ''),
(3134, 'Jason Bateman', ''),
(3135, 'Idris Elba', ''),
(3136, 'Jenny Slate', ''),
(3137, 'Nate Torrence', ''),
(3139, 'Don Lake', ''),
(3140, 'Tommy Chong', ''),
(3142, 'Octavia Spencer', ''),
(3143, 'Alan Tudyk', ''),
(3144, 'Shakira', ''),
(3145, 'Raymond S. Persi', ''),
(3146, 'Della Saba', ''),
(3147, 'Maurice LaMarche', ''),
(3149, 'Candice Bergen', ''),
(3150, 'Edward Fox', ''),
(3153, 'John Mills', ''),
(3155, 'Ian Charleson', ''),
(3156, 'Athol Fugard', ''),
(3157, 'Günther Maria Halmer', ''),
(3158, 'Saeed Jaffrey', ''),
(3159, 'Geraldine James', ''),
(3160, 'Alyque Padamsee', ''),
(3161, 'Amrish Puri', ''),
(3162, 'Roshan Seth', ''),
(3164, 'Julia Stiles', ''),
(3167, 'Paddy Considine', ''),
(3168, 'Edgar Ramírez', ''),
(3169, 'Albert Finney', ''),
(3171, 'Tom Gallop', ''),
(3172, 'Corey Johnson', ''),
(3174, 'Joey Ansah', ''),
(3176, 'Dan Fredenburgh', ''),
(3177, 'Lucy Liemann', ''),
(3178, 'Simone Signoret', ''),
(3180, 'Paul Meurisse', ''),
(3182, 'Jean Brochard', ''),
(3183, 'Thérèse Dorny', ''),
(3184, 'Michel Serrault', ''),
(3185, 'Georges Chamarat', ''),
(3186, 'Robert Dalban', ''),
(3187, 'Camille Guérini', ''),
(3188, 'Jacques Hilling', ''),
(3189, 'Jean Lefebvre', ''),
(3190, 'Aminda Montserrat', ''),
(3191, 'Jean Témerson', ''),
(3192, 'Jacques Varennes', ''),
(3193, 'Sylvester Stallone', ''),
(3196, 'Carl Weathers', ''),
(3197, 'Burgess Meredith', ''),
(3198, 'Thayer David', ''),
(3199, 'Joe Spinell', ''),
(3200, 'Jimmy Gambina', ''),
(3201, 'Bill Baldwin', ''),
(3202, 'Al Silvani', ''),
(3203, 'George Memmoli', ''),
(3204, 'Jodi Letizia', ''),
(3205, 'Diana Lewis', ''),
(3206, 'George O''Hanlon', ''),
(3207, 'Larry Carroll', ''),
(3208, 'Jake Gyllenhaal', ''),
(3209, 'Holmes Osborne', ''),
(3211, 'Daveigh Chase', ''),
(3212, 'Mary McDonnell', ''),
(3213, 'James Duval', ''),
(3214, 'Arthur Taxier', ''),
(3215, 'Patrick Swayze', ''),
(3216, 'Mark Hoffman', ''),
(3217, 'David St. James', ''),
(3218, 'Tom Tangen', ''),
(3219, 'Jazzie Mahannah', ''),
(3220, 'Jolene Purdy', ''),
(3221, 'Stuart Stone', ''),
(3222, 'Gary Lundy', ''),
(3224, 'Michael Gambon', ''),
(3226, 'Daniel Radcliffe', ''),
(3227, 'Rupert Grint', ''),
(3228, 'Emma Watson', ''),
(3229, 'Evanna Lynch', ''),
(3231, 'Clémence Poésy', ''),
(3232, 'Warwick Davis', ''),
(3235, 'Graham Duff', ''),
(3236, 'Anthony Allgood', ''),
(3237, 'Rusty Goffe', ''),
(3238, 'Marcello Mastroianni', ''),
(3240, 'Anouk Aimée', ''),
(3241, 'Sandra Milo', ''),
(3242, 'Rossella Falk', ''),
(3243, 'Barbara Steele', ''),
(3245, 'Caterina Boratto', ''),
(3246, 'Eddra Gale', ''),
(3247, 'Guido Alberti', ''),
(3248, 'Mario Conocchia', ''),
(3249, 'Bruno Agostini', ''),
(3250, 'Cesarino Miceli Picardi', ''),
(3251, 'Jean Rougeul', ''),
(3252, 'Mario Pisu', ''),
(3255, 'Mary Gibbs', ''),
(3258, 'Jennifer Tilly', ''),
(3262, 'Daniel Gerson', ''),
(3263, 'Steve Susskind', ''),
(3265, 'Jeff Pidgeon', ''),
(3266, 'Samuel Lord Black', ''),
(3269, 'Frank Morgan', ''),
(3270, 'Ray Bolger', ''),
(3271, 'Bert Lahr', ''),
(3272, 'Jack Haley', ''),
(3273, 'Billie Burke', ''),
(3274, 'Margaret Hamilton', ''),
(3276, 'Pat Walshe', ''),
(3277, 'Clara Blandick', ''),
(3278, 'Terry', ''),
(3279, 'The Singer Midgets', ''),
(3283, 'Paul Winfield', ''),
(3285, 'Rick Rossovich', ''),
(3286, 'Bess Motta', ''),
(3288, 'Dick Miller', ''),
(3289, 'Shawn Schepps', ''),
(3290, 'Bruce M. Kerner', ''),
(3291, 'Franco Columbu', ''),
(3293, 'Brad Rearden', ''),
(3294, 'Brian Thompson', ''),
(3296, 'Andie MacDowell', ''),
(3297, 'Chris Elliott', ''),
(3299, 'Brian Doyle-Murray', ''),
(3300, 'Marita Geraghty', ''),
(3301, 'Angela Paton', ''),
(3302, 'Rick Ducommun', ''),
(3303, 'Rick Overton', ''),
(3304, 'Robin Duke', ''),
(3305, 'Carol Bivins', ''),
(3306, 'Willie Garson', ''),
(3307, 'Ken Hudson Campbell', ''),
(3308, 'Les Podewell', ''),
(3309, 'Rod Sell', ''),
(3312, 'Viola Davis', ''),
(3313, 'Maria Bello', ''),
(3314, 'Terrence Howard', ''),
(3315, 'Melissa Leo', ''),
(3316, 'Paul Dano', ''),
(3317, 'Dylan Minnette', ''),
(3318, 'Zoë Soul', ''),
(3319, 'Erin Gerasimovich', ''),
(3320, 'Kyla-Drew', ''),
(3321, 'Wayne Duvall', ''),
(3322, 'Len Cariou', ''),
(3323, 'David Dastmalchian', ''),
(3324, 'Brad James', ''),
(3325, 'Joseph Melito', ''),
(3327, 'Jon Seda', ''),
(3328, 'Michael Chance', ''),
(3329, 'Vernon Campbell', ''),
(3330, 'H. Michael Walls', ''),
(3331, 'Bob Adrian', ''),
(3332, 'Simon Jones', ''),
(3333, 'Carol Florence', ''),
(3334, 'Bill Raymond', ''),
(3335, 'Ernest Abuba', ''),
(3336, 'Irma St. Paule', ''),
(3337, 'Madeleine Stowe', ''),
(3338, 'Joey Perillo', ''),
(3339, 'Bruce Kirkpatrick', ''),
(3340, 'Roy Scheider', ''),
(3343, 'Lorraine Gary', ''),
(3344, 'Murray Hamilton', ''),
(3345, 'Carl Gottlieb', ''),
(3346, 'Jeffrey Kramer', ''),
(3347, 'Susan Backlinie', ''),
(3348, 'Jonathan Filley', ''),
(3349, 'Ted Grossman', ''),
(3350, 'Chris Rebello', ''),
(3351, 'Jay Mello', ''),
(3352, 'Lee Fierro', ''),
(3353, 'Jeffrey Voorhees', ''),
(3354, 'Craig Kingsbury', ''),
(3355, 'Ryan O''Neal', ''),
(3356, 'Marisa Berenson', ''),
(3358, 'Hardy Krüger', ''),
(3359, 'Steven Berkoff', ''),
(3360, 'Gay Hamilton', ''),
(3361, 'Marie Kean', ''),
(3362, 'Diana Körner', ''),
(3363, 'Murray Melvin', ''),
(3364, 'Frank Middlemass', ''),
(3366, 'Arthur O''Sullivan', ''),
(3370, 'Andy Lau', ''),
(3371, 'Tony Chiu Wai Leung', ''),
(3372, 'Anthony Chau-Sang Wong', ''),
(3373, 'Eric Tsang', ''),
(3374, 'Kelly Chen', ''),
(3375, 'Sammi Cheng', ''),
(3376, 'Edison Chen', ''),
(3377, 'Shawn Yue', ''),
(3378, 'Elva Hsiao', ''),
(3379, 'Chapman To', ''),
(3380, 'Ka Tung Lam', ''),
(3381, 'Ting Yip Ng', ''),
(3382, 'Dion Lam', ''),
(3383, 'Chi Keung Wan', ''),
(3384, 'Hui Kam Fung', ''),
(3389, 'Nathalie Baye', ''),
(3391, 'James Brolin', ''),
(3393, 'Frank John Hughes', ''),
(3394, 'Steve Eastin', ''),
(3395, 'Chris Ellis', ''),
(3396, 'John Finn', ''),
(3397, 'Jennifer Garner', ''),
(3398, 'Nancy Lenehan', ''),
(3399, 'Ellen Pompeo', ''),
(3400, 'Myrna Loy', ''),
(3401, 'Fredric March', ''),
(3402, 'Dana Andrews', ''),
(3403, 'Teresa Wright', ''),
(3404, 'Virginia Mayo', ''),
(3406, 'Hoagy Carmichael', ''),
(3407, 'Harold Russell', ''),
(3409, 'Roman Bohnen', ''),
(3411, 'Minna Gombell', ''),
(3412, 'Walter Baldwin', ''),
(3413, 'Steve Cochran', ''),
(3414, 'Dorothy Adams', ''),
(3415, 'Vincent Cassel', ''),
(3416, 'Hubert Koundé', ''),
(3417, 'Saïd Taghmaoui', ''),
(3418, 'Abdel Ahmed Ghili', ''),
(3419, 'Solo', ''),
(3420, 'Joseph Momo', ''),
(3421, 'Héloïse Rauth', ''),
(3422, 'Rywka Wajsbrot', ''),
(3423, 'Olga Abrego', ''),
(3424, 'Laurent Labasse', ''),
(3425, 'Choukri Gabteni', ''),
(3426, 'Nabil Ben Mhamed', ''),
(3427, 'Benoît Magimel', ''),
(3428, 'Médard Niang', ''),
(3429, 'Arash Mansour', ''),
(3430, 'Farley Granger', ''),
(3431, 'Ruth Roman', ''),
(3432, 'Robert Walker', ''),
(3435, 'Kasey Rogers', ''),
(3436, 'Marion Lorne', ''),
(3437, 'Jonathan Hale', ''),
(3438, 'Howard St. John', ''),
(3439, 'John Brown', ''),
(3441, 'Robert Gist', ''),
(3442, 'Jessica Alba', ''),
(3443, 'Devon Aoki', ''),
(3444, 'Alexis Bledel', ''),
(3445, 'Powers Boothe', ''),
(3446, 'Cara D. Briggs', ''),
(3448, 'Jeffrey J. Dashnaw', ''),
(3449, 'Rosario Dawson', ''),
(3450, 'Jesse De Luna', ''),
(3452, 'Jason Douglas', ''),
(3455, 'Christina Frankenfield', ''),
(3456, 'Rick Gomez', ''),
(3457, 'Jean Martin', ''),
(3458, 'Yacef Saadi', ''),
(3459, 'Brahim Hadjadj', ''),
(3460, 'Samia Kerbash', ''),
(3461, 'Tommaso Neri', ''),
(3462, 'Ugo Paletti', ''),
(3463, 'Fusia El Kader', ''),
(3464, 'Franco Moruzzi', ''),
(3465, 'Mohamed Ben Kassen', ''),
(3466, 'Penelope Allen', ''),
(3467, 'Sully Boyar', ''),
(3469, 'Beulah Garrick', ''),
(3471, 'Sandra Kazan', ''),
(3473, 'Amy Levitt', ''),
(3474, 'John Marriott', ''),
(3475, 'Estelle Omens', ''),
(3477, 'Gary Springer', ''),
(3478, 'James Broderick', ''),
(3480, 'Carmine Foresta', ''),
(3481, 'Dennis Price', ''),
(3482, 'Valerie Hobson', ''),
(3483, 'Joan Greenwood', ''),
(3485, 'Audrey Fildes', ''),
(3486, 'Miles Malleson', ''),
(3487, 'Clive Morton', ''),
(3488, 'John Penrose', ''),
(3489, 'Cecil Ramage', ''),
(3491, 'John Salew', ''),
(3492, 'Eric Messiter', ''),
(3493, 'Lyn Evans', ''),
(3494, 'Barbara Leake', ''),
(3495, 'Peggy Ann Clifford', ''),
(3499, 'Keira Knightley', ''),
(3500, 'Jack Davenport', ''),
(3501, 'Jonathan Pryce', ''),
(3502, 'Lee Arenberg', ''),
(3503, 'Mackenzie Crook', ''),
(3504, 'Damian O''Hare', ''),
(3505, 'Giles New', ''),
(3506, 'Angus Barnett', ''),
(3507, 'David Bailie', ''),
(3508, 'Michael Berry Jr.', ''),
(3509, 'Isaac C. Singleton Jr.', ''),
(3510, 'Kevin McNally', ''),
(3511, 'Emma Stone', ''),
(3513, 'Bryce Dallas Howard', ''),
(3515, 'Jessica Chastain', ''),
(3516, 'Ahna O''Reilly', ''),
(3518, 'Anna Camp', ''),
(3519, 'Eleanor Henry', ''),
(3520, 'Emma Henry', ''),
(3521, 'Chris Lowell', ''),
(3522, 'Cicely Tyson', ''),
(3523, 'Mike Vogel', ''),
(3524, 'Sissy Spacek', ''),
(3525, 'Brian Kerwin', ''),
(3526, 'Benedict Cumberbatch', ''),
(3528, 'Matthew Goode', ''),
(3529, 'Rory Kinnear', ''),
(3530, 'Allen Leech', ''),
(3531, 'Matthew Beard', ''),
(3532, 'Charles Dance', ''),
(3533, 'Mark Strong', ''),
(3534, 'James Northcote', ''),
(3535, 'Tom Goodman-Hill', ''),
(3536, 'Steven Waddington', ''),
(3537, 'Ilan Goodman', ''),
(3538, 'Jack Tarlton', ''),
(3539, 'Alex Lawther', ''),
(3540, 'Jack Bannon', ''),
(3541, 'David Rawle', ''),
(3542, 'Brendan Gleeson', ''),
(3543, 'Lisa Hannigan', ''),
(3544, 'Fionnula Flanagan', ''),
(3545, 'Lucy O''Connell', ''),
(3546, 'Jon Kenny', ''),
(3547, 'Pat Shortt', ''),
(3548, 'Colm Ó''Snodaigh', ''),
(3549, 'Liam Hourican', ''),
(3550, 'Kevin Swierszcz', ''),
(3551, 'Will Collins', ''),
(3552, 'Paul Young', ''),
(3553, 'Donnie Yen', ''),
(3554, 'Simon Yam', ''),
(3555, 'Lynn Hung', ''),
(3556, 'Hiroyuki Ikeuchi', ''),
(3558, 'Siu-Wong Fan', ''),
(3559, 'Xing Yu', ''),
(3560, 'You-Nam Wong', ''),
(3561, 'Yu-Hang To', ''),
(3562, 'Calvin Ka-Sing Cheng', ''),
(3563, 'Zhi-Hui Chen', ''),
(3564, 'Tenma Shibuya', ''),
(3565, 'Li Chak', ''),
(3566, 'Shi De-Qiang', ''),
(3567, 'Zhong Zhou', ''),
(3568, 'Manoj Bajpayee', ''),
(3569, 'Richa Chadha', ''),
(3570, 'Nawazuddin Siddiqui', ''),
(3571, 'Tigmanshu Dhulia', ''),
(3572, 'Jameel Khan', ''),
(3573, 'Piyush Mishra', ''),
(3574, 'Jaideep Ahlawat', ''),
(3575, 'Huma Qureshi', ''),
(3576, 'Zeishan Quadri', ''),
(3578, 'Satyakam Anand', ''),
(3579, 'Aditya Kumar', ''),
(3580, 'Rajkummar Rao', ''),
(3581, 'Vineet Kumar Singh', ''),
(3582, 'Sankalp Acharekar', '');

-- --------------------------------------------------------

--
-- Table structure for table `directed`
--

CREATE TABLE `directed` (
  `mid` int(11) NOT NULL,
  `did` int(11) NOT NULL
) ENGINE=InnoDB DEFAULT CHARSET=latin1;

--
-- Dumping data for table `directed`
--

INSERT INTO `directed` (`mid`, `did`) VALUES
(1, 1),
(37, 1),
(2, 2),
(3, 2),
(48, 2),
(4, 4),
(14, 4),
(32, 4),
(47, 4),
(49, 4),
(62, 4),
(114, 4),
(5, 5),
(190, 5),
(243, 5),
(6, 6),
(29, 6),
(36, 6),
(106, 6),
(209, 6),
(234, 6),
(237, 6),
(7, 7),
(58, 7),
(75, 7),
(96, 7),
(178, 7),
(8, 8),
(11, 8),
(15, 8),
(9, 9),
(30, 9),
(67, 9),
(101, 9),
(10, 10),
(22, 10),
(180, 10),
(12, 12),
(13, 13),
(44, 13),
(16, 16),
(88, 16),
(17, 17),
(43, 17),
(82, 17),
(121, 17),
(146, 17),
(159, 17),
(192, 17),
(18, 18),
(19, 19),
(103, 19),
(112, 19),
(132, 19),
(136, 19),
(20, 20),
(21, 21),
(23, 23),
(24, 24),
(140, 24),
(183, 24),
(25, 25),
(26, 26),
(27, 27),
(28, 28),
(64, 28),
(133, 28),
(143, 28),
(211, 28),
(31, 31),
(33, 33),
(34, 34),
(40, 34),
(71, 34),
(72, 34),
(164, 34),
(170, 34),
(240, 34),
(35, 35),
(39, 35),
(54, 35),
(97, 35),
(137, 35),
(38, 38),
(41, 41),
(65, 41),
(230, 41),
(42, 42),
(126, 42),
(45, 45),
(46, 46),
(51, 46),
(141, 46),
(50, 50),
(52, 52),
(57, 52),
(59, 52),
(80, 52),
(89, 52),
(91, 52),
(235, 52),
(53, 53),
(70, 53),
(83, 53),
(105, 53),
(116, 53),
(55, 55),
(56, 56),
(60, 60),
(61, 61),
(169, 61),
(63, 63),
(66, 66),
(68, 68),
(215, 68),
(69, 69),
(73, 73),
(74, 74),
(109, 74),
(76, 76),
(77, 77),
(78, 78),
(79, 79),
(81, 81),
(84, 84),
(138, 84),
(85, 85),
(86, 86),
(87, 87),
(90, 90),
(197, 90),
(92, 92),
(93, 93),
(94, 94),
(144, 94),
(95, 95),
(98, 98),
(233, 98),
(99, 99),
(156, 99),
(232, 99),
(100, 100),
(102, 102),
(145, 102),
(104, 104),
(107, 107),
(108, 108),
(110, 110),
(111, 111),
(113, 113),
(115, 115),
(194, 115),
(117, 117),
(128, 117),
(228, 117),
(118, 118),
(161, 118),
(206, 118),
(119, 119),
(120, 120),
(122, 122),
(123, 123),
(124, 124),
(125, 125),
(127, 127),
(129, 129),
(130, 130),
(131, 131),
(134, 134),
(135, 135),
(139, 139),
(142, 142),
(150, 142),
(203, 142),
(147, 147),
(148, 148),
(149, 149),
(151, 151),
(152, 152),
(153, 153),
(185, 153),
(154, 154),
(155, 155),
(157, 157),
(158, 158),
(160, 160),
(162, 162),
(168, 162),
(163, 163),
(165, 165),
(166, 166),
(167, 167),
(229, 167),
(171, 171),
(172, 172),
(173, 173),
(174, 174),
(175, 175),
(176, 176),
(177, 177),
(179, 179),
(181, 181),
(182, 182),
(184, 184),
(186, 186),
(187, 187),
(188, 188),
(189, 189),
(227, 189),
(191, 191),
(223, 191),
(193, 193),
(195, 195),
(208, 195),
(196, 196),
(198, 198),
(199, 199),
(200, 200),
(201, 201),
(202, 202),
(204, 204),
(238, 204),
(205, 205),
(207, 207),
(210, 210),
(212, 212),
(213, 213),
(214, 214),
(216, 216),
(217, 217),
(218, 218),
(219, 219),
(220, 220),
(221, 221),
(222, 222),
(224, 224),
(225, 225),
(226, 226),
(231, 231),
(236, 236),
(239, 239),
(241, 241),
(242, 242),
(244, 244),
(245, 245),
(246, 246),
(247, 247),
(248, 248),
(249, 249),
(250, 250);

-- --------------------------------------------------------

--
-- Table structure for table `directors`
--

CREATE TABLE `directors` (
  `id` int(11) NOT NULL,
  `name` varchar(50) DEFAULT NULL
) ENGINE=InnoDB DEFAULT CHARSET=latin1;

--
-- Dumping data for table `directors`
--

INSERT INTO `directors` (`id`, `name`) VALUES
(79, 'Aamir Khan'),
(179, 'Adam Elliot'),
(19, 'Akira Kurosawa'),
(207, 'Alejandro G. Iñárritu'),
(34, 'Alfred Hitchcock'),
(213, 'Andrei Tarkovsky'),
(61, 'Andrew Stanton'),
(250, 'Anurag Kashyap'),
(108, 'Asghar Farhadi'),
(53, 'Billy Wilder'),
(104, 'Brian De Palma'),
(25, 'Bryan Singer'),
(220, 'Byron Howard'),
(81, 'Çagan Irmak'),
(154, 'Carl Theodor Dreyer'),
(119, 'Carol Reed'),
(66, 'Chan-wook Park'),
(35, 'Charles Chaplin'),
(4, 'Christopher Nolan'),
(118, 'Clint Eastwood'),
(151, 'Clyde Bruckman'),
(100, 'Curtis Hanson'),
(201, 'Damián Szifrón'),
(45, 'Damien Chazelle'),
(166, 'Danny Boyle'),
(78, 'Darren Aronofsky'),
(10, 'David Fincher'),
(84, 'David Lean'),
(152, 'David Lynch'),
(226, 'David Yates'),
(174, 'Dean DeBlois'),
(99, 'Denis Villeneuve'),
(182, 'Elem Klimov'),
(134, 'Elia Kazan'),
(175, 'Ethan Coen'),
(158, 'F.W. Murnau'),
(189, 'Federico Fellini'),
(21, 'Fernando Meirelles'),
(55, 'Florian Henckel von Donnersmarck'),
(2, 'Francis Ford Coppola'),
(199, 'François Truffaut'),
(24, 'Frank Capra'),
(1, 'Frank Darabont'),
(241, 'Frank Miller'),
(74, 'Fritz Lang'),
(155, 'Gavin O''Connor'),
(20, 'George Lucas'),
(198, 'George Miller'),
(90, 'George Roy Hill'),
(242, 'Gillo Pontecorvo'),
(56, 'Giuseppe Tornatore'),
(245, 'Gore Verbinski'),
(131, 'Guillermo del Toro'),
(110, 'Gus Van Sant'),
(94, 'Guy Ritchie'),
(231, 'Harold Ramis'),
(28, 'Hayao Miyazaki'),
(191, 'Henri-Georges Clouzot'),
(142, 'Ingmar Bergman'),
(12, 'Irvin Kershner'),
(60, 'Isao Takahata'),
(176, 'J.J. Abrams'),
(41, 'James Cameron'),
(157, 'James McTeigue'),
(77, 'Jean-Pierre Jeunet'),
(196, 'Jim Sheridan'),
(162, 'Joel Coen'),
(173, 'John Carpenter'),
(216, 'John Ford'),
(224, 'John G. Avildsen'),
(115, 'John Huston'),
(93, 'John Lasseter'),
(122, 'John McTiernan'),
(124, 'John Sturges'),
(23, 'Jonathan Demme'),
(214, 'Joon-ho Bong'),
(111, 'Joseph L. Mankiewicz'),
(139, 'Juan José Campanella'),
(18, 'Lana Wachowski'),
(210, 'Lasse Hallström'),
(86, 'Lee Unkrich'),
(135, 'Lenny Abrahamson'),
(27, 'Luc Besson'),
(172, 'M. Night Shyamalan'),
(123, 'Majid Majidi'),
(17, 'Martin Scorsese'),
(239, 'Mathieu Kassovitz'),
(76, 'Mel Gibson'),
(165, 'Michael Cimino'),
(33, 'Michael Curtiz'),
(125, 'Michael Mann'),
(87, 'Michel Gondry'),
(16, 'Milos Forman'),
(247, 'Morten Tyldum'),
(188, 'Moustapha Akkad'),
(130, 'Neeraj Pandey'),
(160, 'Nishikant Kamat'),
(120, 'Oliver Hirschbiegel'),
(187, 'Oliver Stone'),
(38, 'Olivier Nakache'),
(68, 'Orson Welles'),
(222, 'Paul Greengrass'),
(181, 'Paul Thomas Anderson'),
(117, 'Pete Docter'),
(8, 'Peter Jackson'),
(217, 'Peter Weir'),
(127, 'Priyadarshan'),
(7, 'Quentin Tarantino'),
(102, 'Rajkumar Hirani'),
(113, 'Rajkumar Santoshi'),
(147, 'Rakeysh Omprakash Mehra'),
(149, 'Ramesh Sippy'),
(221, 'Richard Attenborough'),
(225, 'Richard Kelly'),
(219, 'Richard Linklater'),
(73, 'Richard Marquand'),
(46, 'Ridley Scott'),
(195, 'Rob Reiner'),
(244, 'Robert Hamer'),
(85, 'Robert Mulligan'),
(13, 'Robert Zemeckis'),
(26, 'Roberto Benigni'),
(50, 'Roger Allers'),
(42, 'Roman Polanski'),
(153, 'Ron Howard'),
(63, 'Sam Mendes'),
(177, 'Sean Penn'),
(9, 'Sergio Leone'),
(212, 'Shimit Amin'),
(5, 'Sidney Lumet'),
(95, 'Stanley Donen'),
(148, 'Stanley Kramer'),
(52, 'Stanley Kubrick'),
(202, 'Steve McQueen'),
(6, 'Steven Spielberg'),
(171, 'Stuart Rosenberg'),
(246, 'Tate Taylor'),
(186, 'Terry George'),
(98, 'Terry Gilliam'),
(184, 'Terry Jones'),
(107, 'Thomas Vinterberg'),
(193, 'Tom McCarthy'),
(248, 'Tomm Moore'),
(31, 'Tony Kaye'),
(167, 'Victor Fleming'),
(200, 'Vikramaditya Motwane'),
(92, 'Vittorio De Sica'),
(236, 'Wai-Keung Lau'),
(205, 'Wes Anderson'),
(204, 'William Wyler'),
(249, 'Wilson Yip'),
(69, 'Wolfgang Petersen'),
(218, 'Woody Allen'),
(163, 'Yasujirô Ozu'),
(129, 'Yavuz Turgul');

-- --------------------------------------------------------

--
-- Table structure for table `movies`
--

CREATE TABLE `movies` (
  `id` int(11) NOT NULL,
  `title` varchar(100) DEFAULT NULL,
  `year` int(4) DEFAULT NULL
) ENGINE=InnoDB DEFAULT CHARSET=latin1;

--
-- Dumping data for table `movies`
--

INSERT INTO `movies` (`id`, `title`, `year`) VALUES
(1, 'The Shawshank Redemption', 1994),
(2, 'The Godfather', 1972),
(3, 'The Godfather: Part II', 1974),
(4, 'The Dark Knight', 2008),
(5, '12 Angry Men', 1957),
(6, 'Schindler''s List', 1993),
(7, 'Pulp Fiction', 1994),
(8, 'The Lord of the Rings: The Return of the King', 2003),
(9, 'The Good, the Bad and the Ugly', 1966),
(10, 'Fight Club', 1999),
(11, 'The Lord of the Rings: The Fellowship of the Ring', 2001),
(12, 'Star Wars: Episode V - The Empire Strikes Back', 1980),
(13, 'Forrest Gump', 1994),
(14, 'Inception', 2010),
(15, 'The Lord of the Rings: The Two Towers', 2002),
(16, 'One Flew Over the Cuckoo''s Nest', 1975),
(17, 'Goodfellas', 1990),
(18, 'The Matrix', 1999),
(19, 'Seven Samurai', 1954),
(20, 'Star Wars: Episode IV - A New Hope', 1977),
(21, 'City of God', 2002),
(22, 'Se7en', 1995),
(23, 'The Silence of the Lambs', 1991),
(24, 'It''s a Wonderful Life', 1946),
(25, 'The Usual Suspects', 1995),
(26, 'Life Is Beautiful', 1997),
(27, 'Léon: The Professional', 1994),
(28, 'Spirited Away', 2001),
(29, 'Saving Private Ryan', 1998),
(30, 'Once Upon a Time in the West', 1968),
(31, 'American History X', 1998),
(32, 'Interstellar', 2014),
(33, 'Casablanca', 1942),
(34, 'Psycho', 1960),
(35, 'City Lights', 1931),
(36, 'Raiders of the Lost Ark', 1981),
(37, 'The Green Mile', 1999),
(38, 'The Intouchables', 2011),
(39, 'Modern Times', 1936),
(40, 'Rear Window', 1954),
(41, 'Terminator 2: Judgment Day', 1991),
(42, 'The Pianist', 2002),
(43, 'The Departed', 2006),
(44, 'Back to the Future', 1985),
(45, 'Whiplash', 2014),
(46, 'Gladiator', 2000),
(47, 'Memento', 2000),
(48, 'Apocalypse Now', 1979),
(49, 'The Prestige', 2006),
(50, 'The Lion King', 1994),
(51, 'Alien', 1979),
(52, 'Dr. Strangelove or: How I Learned to Stop Worrying and Love the Bomb', 1964),
(53, 'Sunset Blvd.', 1950),
(54, 'The Great Dictator', 1940),
(55, 'The Lives of Others', 2006),
(56, 'Cinema Paradiso', 1988),
(57, 'Paths of Glory', 1957),
(58, 'Django Unchained', 2012),
(59, 'The Shining', 1980),
(60, 'Grave of the Fireflies', 1988),
(61, 'WALL·E', 2008),
(62, 'The Dark Knight Rises', 2012),
(63, 'American Beauty', 1999),
(64, 'Princess Mononoke', 1997),
(65, 'Aliens', 1986),
(66, 'Oldeuboi', 2003),
(67, 'Once Upon a Time in America', 1984),
(68, 'Citizen Kane', 1941),
(69, 'Das Boot', 1981),
(70, 'Witness for the Prosecution', 1957),
(71, 'North by Northwest', 1959),
(72, 'Vertigo', 1958),
(73, 'Star Wars: Episode VI - Return of the Jedi', 1983),
(74, 'M', 1931),
(75, 'Reservoir Dogs', 1992),
(76, 'Braveheart', 1995),
(77, 'Amélie', 2001),
(78, 'Requiem for a Dream', 2000),
(79, 'Taare Zameen Par', 2007),
(80, 'A Clockwork Orange', 1971),
(81, 'Babam ve Oglum', 2005),
(82, 'Taxi Driver', 1976),
(83, 'Double Indemnity', 1944),
(84, 'Lawrence of Arabia', 1962),
(85, 'To Kill a Mockingbird', 1962),
(86, 'Toy Story 3', 2010),
(87, 'Eternal Sunshine of the Spotless Mind', 2004),
(88, 'Amadeus', 1984),
(89, 'Full Metal Jacket', 1987),
(90, 'The Sting', 1973),
(91, '2001: A Space Odyssey', 1968),
(92, 'Bicycle Thieves', 1948),
(93, 'Toy Story', 1995),
(94, 'Snatch', 2000),
(95, 'Singin'' in the Rain', 1952),
(96, 'Inglourious Basterds', 2009),
(97, 'The Kid', 1921),
(98, 'Monty Python and the Holy Grail', 1975),
(99, 'Arrival', 2016),
(100, 'L.A. Confidential', 1997),
(101, 'For a Few Dollars More', 1965),
(102, '3 Idiots', 2009),
(103, 'Rashômon', 1950),
(104, 'Scarface', 1983),
(105, 'The Apartment', 1960),
(106, 'Indiana Jones and the Last Crusade', 1989),
(107, 'Jagten', 2012),
(108, 'Jodaeiye Nader az Simin', 2011),
(109, 'Metropolis', 1927),
(110, 'Good Will Hunting', 1997),
(111, 'All About Eve', 1950),
(112, 'Yojimbo', 1961),
(113, 'Andaz Apna Apna', 1994),
(114, 'Batman Begins', 2005),
(115, 'The Treasure of the Sierra Madre', 1948),
(116, 'Some Like It Hot', 1959),
(117, 'Up', 2009),
(118, 'Unforgiven', 1992),
(119, 'The Third Man', 1949),
(120, 'Downfall', 2004),
(121, 'Raging Bull', 1980),
(122, 'Die Hard', 1988),
(123, 'Children of Heaven', 1997),
(124, 'The Great Escape', 1963),
(125, 'Heat', 1995),
(126, 'Chinatown', 1974),
(127, 'Hera Pheri', 2000),
(128, 'Inside Out', 2015),
(129, 'The Bandit', 1996),
(130, 'A Wednesday', 2008),
(131, 'Pan''s Labyrinth', 2006),
(132, 'Ikiru', 1952),
(133, 'My Neighbor Totoro', 1988),
(134, 'On the Waterfront', 1954),
(135, 'Room', 2015),
(136, 'Ran', 1985),
(137, 'The Gold Rush', 1925),
(138, 'The Bridge on the River Kwai', 1957),
(139, 'The Secret in Their Eyes', 2009),
(140, 'Mr. Smith Goes to Washington', 1939),
(141, 'Blade Runner', 1982),
(142, 'The Seventh Seal', 1957),
(143, 'Howl''s Moving Castle', 2004),
(144, 'Lock, Stock and Two Smoking Barrels', 1998),
(145, 'Munna Bhai M.B.B.S.', 2003),
(146, 'Casino', 1995),
(147, 'Rang De Basanti', 2006),
(148, 'Judgment at Nuremberg', 1961),
(149, 'Sholay', 1975),
(150, 'Wild Strawberries', 1957),
(151, 'The General', 1926),
(152, 'The Elephant Man', 1980),
(153, 'A Beautiful Mind', 2001),
(154, 'The Passion of Joan of Arc', 1928),
(155, 'Warrior', 2011),
(156, 'Incendies', 2010),
(157, 'V for Vendetta', 2005),
(158, 'Sunrise', 1927),
(159, 'The Wolf of Wall Street', 2013),
(160, 'Drishyam', 2015),
(161, 'Gran Torino', 2008),
(162, 'The Big Lebowski', 1998),
(163, 'Tokyo Story', 1953),
(164, 'Dial M for Murder', 1954),
(165, 'The Deer Hunter', 1978),
(166, 'Trainspotting', 1996),
(167, 'Gone with the Wind', 1939),
(168, 'Fargo', 1996),
(169, 'Finding Nemo', 2003),
(170, 'Rebecca', 1940),
(171, 'Cool Hand Luke', 1967),
(172, 'The Sixth Sense', 1999),
(173, 'The Thing', 1982),
(174, 'How to Train Your Dragon', 2010),
(175, 'No Country for Old Men', 2007),
(176, 'Star Wars: The Force Awakens', 2015),
(177, 'Into the Wild', 2007),
(178, 'Kill Bill: Vol. 1', 2003),
(179, 'Mary and Max', 2009),
(180, 'Gone Girl', 2014),
(181, 'There Will Be Blood', 2007),
(182, 'Come and See', 1985),
(183, 'It Happened One Night', 1934),
(184, 'Life of Brian', 1979),
(185, 'Rush', 2013),
(186, 'Hotel Rwanda', 2004),
(187, 'Platoon', 1986),
(188, 'The Message', 1976),
(189, 'The Nights of Cabiria', 1957),
(190, 'Network', 1976),
(191, 'The Wages of Fear', 1953),
(192, 'Shutter Island', 2010),
(193, 'Spotlight', 2015),
(194, 'The Maltese Falcon', 1941),
(195, 'Stand by Me', 1986),
(196, 'In the Name of the Father', 1993),
(197, 'Butch Cassidy and the Sundance Kid', 1969),
(198, 'Mad Max: Fury Road', 2015),
(199, 'The 400 Blows', 1959),
(200, 'Udaan', 2010),
(201, 'Relatos salvajes', 2014),
(202, '12 Years a Slave', 2013),
(203, 'Persona', 1966),
(204, 'Ben-Hur', 1959),
(205, 'The Grand Budapest Hotel', 2014),
(206, 'Million Dollar Baby', 2004),
(207, 'Amores Perros', 2000),
(208, 'The Princess Bride', 1987),
(209, 'Jurassic Park', 1993),
(210, 'Hachi: A Dog''s Tale', 2009),
(211, 'Nausicaä of the Valley of the Wind', 1984),
(212, 'Chak de! India', 2007),
(213, 'Stalker', 1979),
(214, 'Memories of Murder', 2003),
(215, 'Touch of Evil', 1958),
(216, 'The Grapes of Wrath', 1940),
(217, 'The Truman Show', 1998),
(218, 'Annie Hall', 1977),
(219, 'Before Sunrise', 1995),
(220, 'Zootopia', 2016),
(221, 'Gandhi', 1982),
(222, 'The Bourne Ultimatum', 2007),
(223, 'Diabolique', 1955),
(224, 'Rocky', 1976),
(225, 'Donnie Darko', 2001),
(226, 'Harry Potter and the Deathly Hallows: Part 2', 2011),
(227, '8½', 1963),
(228, 'Monsters, Inc.', 2001),
(229, 'The Wizard of Oz', 1939),
(230, 'The Terminator', 1984),
(231, 'Groundhog Day', 1993),
(232, 'Prisoners', 2013),
(233, 'Twelve Monkeys', 1995),
(234, 'Jaws', 1975),
(235, 'Barry Lyndon', 1975),
(236, 'Infernal Affairs', 2002),
(237, 'Catch Me If You Can', 2002),
(238, 'The Best Years of Our Lives', 1946),
(239, 'La Haine', 1995),
(240, 'Strangers on a Train', 1951),
(241, 'Sin City', 2005),
(242, 'The Battle of Algiers', 1966),
(243, 'Dog Day Afternoon', 1975),
(244, 'Kind Hearts and Coronets', 1949),
(245, 'Pirates of the Caribbean: The Curse of the Black Pearl', 2003),
(246, 'The Help', 2011),
(247, 'The Imitation Game', 2014),
(248, 'Song of the Sea', 2014),
(249, 'Yip Man', 2008),
(250, 'Gangs of Wasseypur', 2012);

-- --------------------------------------------------------

--
-- Table structure for table `produced`
--

CREATE TABLE `produced` (
  `mid` int(11) NOT NULL,
  `sid` int(11) NOT NULL
) ENGINE=InnoDB DEFAULT CHARSET=latin1;

--
-- Dumping data for table `produced`
--

INSERT INTO `produced` (`mid`, `sid`) VALUES
(1, 1),
(37, 1),
(219, 1),
(2, 2),
(3, 2),
(13, 2),
(32, 2),
(36, 2),
(40, 2),
(53, 2),
(83, 2),
(106, 2),
(126, 2),
(192, 2),
(217, 2),
(4, 4),
(14, 4),
(17, 4),
(18, 4),
(33, 4),
(43, 4),
(59, 4),
(62, 4),
(80, 4),
(114, 4),
(115, 4),
(118, 4),
(125, 4),
(157, 4),
(164, 4),
(194, 4),
(206, 4),
(226, 4),
(240, 4),
(243, 4),
(5, 5),
(6, 6),
(44, 6),
(96, 6),
(104, 6),
(146, 6),
(153, 6),
(173, 6),
(209, 6),
(222, 6),
(233, 6),
(7, 7),
(178, 7),
(8, 8),
(11, 8),
(15, 8),
(31, 8),
(9, 9),
(101, 9),
(10, 10),
(12, 12),
(20, 12),
(73, 12),
(176, 12),
(16, 16),
(19, 19),
(132, 19),
(21, 21),
(22, 22),
(23, 23),
(24, 24),
(25, 25),
(162, 25),
(168, 25),
(26, 26),
(27, 27),
(28, 28),
(29, 29),
(46, 29),
(63, 29),
(237, 29),
(246, 29),
(30, 30),
(34, 34),
(35, 35),
(39, 35),
(54, 35),
(97, 35),
(137, 35),
(38, 38),
(41, 41),
(42, 42),
(45, 45),
(47, 47),
(48, 48),
(49, 49),
(50, 50),
(86, 50),
(220, 50),
(245, 50),
(51, 51),
(52, 52),
(82, 52),
(94, 52),
(134, 52),
(138, 52),
(140, 52),
(183, 52),
(195, 52),
(231, 52),
(55, 55),
(56, 56),
(57, 57),
(58, 58),
(60, 60),
(61, 61),
(93, 61),
(117, 61),
(128, 61),
(169, 61),
(228, 61),
(64, 64),
(65, 65),
(111, 65),
(122, 65),
(180, 65),
(197, 65),
(216, 65),
(66, 66),
(67, 67),
(141, 67),
(68, 68),
(69, 69),
(70, 70),
(71, 71),
(91, 71),
(95, 71),
(190, 71),
(204, 71),
(229, 71),
(72, 72),
(74, 74),
(75, 75),
(76, 76),
(77, 77),
(78, 78),
(79, 79),
(81, 81),
(84, 84),
(85, 85),
(215, 85),
(87, 87),
(88, 88),
(89, 89),
(90, 90),
(234, 90),
(92, 92),
(98, 98),
(99, 99),
(100, 100),
(202, 100),
(102, 102),
(145, 102),
(103, 103),
(105, 105),
(107, 107),
(108, 108),
(109, 109),
(110, 110),
(112, 112),
(113, 113),
(116, 116),
(119, 119),
(120, 120),
(121, 121),
(224, 121),
(123, 123),
(124, 124),
(127, 127),
(129, 129),
(130, 130),
(131, 131),
(133, 133),
(135, 135),
(136, 136),
(139, 139),
(142, 142),
(150, 142),
(203, 142),
(143, 143),
(144, 144),
(147, 147),
(148, 148),
(149, 149),
(151, 151),
(152, 152),
(154, 154),
(155, 155),
(156, 156),
(158, 158),
(159, 159),
(160, 160),
(161, 161),
(163, 163),
(165, 165),
(166, 166),
(167, 167),
(170, 167),
(171, 171),
(172, 172),
(174, 174),
(175, 175),
(177, 175),
(181, 175),
(179, 179),
(182, 182),
(184, 184),
(185, 185),
(186, 186),
(187, 187),
(230, 187),
(188, 188),
(189, 189),
(191, 191),
(193, 193),
(196, 196),
(198, 198),
(199, 199),
(200, 200),
(201, 201),
(205, 205),
(207, 207),
(208, 208),
(210, 210),
(211, 211),
(212, 212),
(213, 213),
(214, 214),
(218, 218),
(221, 221),
(223, 223),
(225, 225),
(227, 227),
(232, 232),
(235, 235),
(236, 236),
(238, 238),
(239, 239),
(241, 241),
(242, 242),
(244, 244),
(247, 247),
(248, 248),
(249, 249),
(250, 250);

-- --------------------------------------------------------

--
-- Table structure for table `rated`
--

CREATE TABLE `rated` (
  `uid` int(11) NOT NULL,
  `mid` int(11) NOT NULL,
  `rating` int(11) DEFAULT NULL,
  `entry` int(11) NOT NULL
) ENGINE=InnoDB DEFAULT CHARSET=latin1;

--
-- Dumping data for table `rated`
--

INSERT INTO `rated` (`uid`, `mid`, `rating`, `entry`) VALUES
(1, 1, 3, 1),
(1, 2, 5, 2),
(1, 3, 4, 3),
(1, 4, 1, 4),
(1, 5, 2, 5),
(1, 6, 3, 6),
(1, 7, 5, 7),
(1, 8, 1, 8),
(1, 9, 4, 9),
(1, 10, 5, 10),
(1, 11, 4, 11),
(1, 12, 3, 12),
(1, 13, 3, 13),
(1, 14, 4, 14),
(1, 15, 5, 15),
(1, 16, 2, 16),
(1, 17, 3, 17),
(1, 18, 1, 18),
(1, 19, 1, 19),
(1, 20, 4, 20),
(1, 21, 3, 21),
(1, 22, 3, 22),
(1, 23, 3, 23),
(1, 24, 2, 24),
(1, 25, 1, 25),
(1, 26, 2, 26),
(1, 27, 5, 27),
(1, 28, 4, 28),
(1, 29, 4, 29),
(1, 30, 2, 30),
(1, 31, 4, 31),
(1, 32, 3, 32),
(1, 33, 3, 33),
(1, 34, 3, 34),
(1, 35, 2, 35),
(1, 36, 1, 36),
(1, 37, 2, 37),
(1, 38, 5, 38),
(1, 39, 2, 39),
(1, 40, 2, 40),
(1, 41, 1, 41),
(1, 42, 5, 42),
(1, 43, 1, 43),
(1, 44, 2, 44),
(1, 45, 5, 45),
(1, 46, 5, 46),
(1, 47, 5, 47),
(1, 48, 1, 48),
(1, 49, 5, 49),
(1, 50, 5, 50),
(1, 51, 1, 51),
(1, 52, 3, 52),
(1, 53, 5, 53),
(1, 54, 5, 54),
(1, 55, 3, 55),
(1, 56, 1, 56),
(1, 57, 3, 57),
(1, 58, 1, 58),
(1, 59, 4, 59),
(1, 60, 2, 60),
(1, 61, 3, 61),
(1, 62, 4, 62),
(1, 63, 1, 63),
(1, 64, 5, 64),
(1, 65, 3, 65),
(1, 66, 2, 66),
(1, 67, 4, 67),
(1, 68, 4, 68),
(1, 69, 5, 69),
(1, 70, 2, 70),
(1, 71, 2, 71),
(1, 72, 3, 72),
(1, 73, 4, 73),
(1, 74, 5, 74),
(1, 75, 5, 75),
(1, 76, 3, 76),
(1, 77, 3, 77),
(1, 78, 4, 78),
(1, 79, 1, 79),
(1, 80, 3, 80),
(1, 81, 1, 81),
(1, 82, 1, 82),
(1, 83, 4, 83),
(1, 84, 1, 84),
(1, 85, 3, 85),
(1, 86, 2, 86),
(1, 87, 5, 87),
(1, 88, 1, 88),
(1, 89, 4, 89),
(1, 90, 2, 90),
(1, 91, 5, 91),
(1, 92, 2, 92),
(1, 93, 5, 93),
(1, 94, 3, 94),
(1, 95, 1, 95),
(1, 96, 5, 96),
(1, 97, 4, 97),
(1, 98, 2, 98),
(1, 99, 3, 99),
(1, 100, 5, 100),
(1, 101, 1, 101),
(1, 102, 1, 102),
(1, 103, 2, 103),
(1, 104, 4, 104),
(1, 105, 4, 105),
(1, 106, 5, 106),
(1, 107, 2, 107),
(1, 108, 1, 108),
(1, 109, 3, 109),
(1, 110, 5, 110),
(1, 111, 5, 111),
(1, 112, 2, 112),
(1, 113, 3, 113),
(1, 114, 5, 114),
(1, 115, 2, 115),
(1, 116, 5, 116),
(1, 117, 3, 117),
(1, 118, 2, 118),
(1, 119, 3, 119),
(1, 120, 2, 120),
(1, 121, 3, 121),
(1, 122, 2, 122),
(1, 123, 1, 123),
(1, 124, 3, 124),
(1, 125, 2, 125),
(1, 126, 3, 126),
(1, 127, 1, 127),
(1, 128, 3, 128),
(1, 129, 5, 129),
(1, 130, 3, 130),
(1, 131, 3, 131),
(1, 132, 5, 132),
(1, 133, 5, 133),
(1, 134, 3, 134),
(1, 135, 5, 135),
(1, 136, 3, 136),
(1, 137, 2, 137),
(1, 138, 1, 138),
(1, 139, 4, 139),
(1, 140, 3, 140),
(1, 141, 3, 141),
(1, 142, 2, 142),
(1, 143, 5, 143),
(1, 144, 1, 144),
(1, 145, 4, 145),
(1, 146, 1, 146),
(1, 147, 1, 147),
(1, 148, 5, 148),
(1, 149, 2, 149),
(1, 150, 3, 150),
(1, 151, 4, 151),
(1, 152, 1, 152),
(1, 153, 5, 153),
(1, 154, 3, 154),
(1, 155, 5, 155),
(1, 156, 5, 156),
(1, 157, 2, 157),
(1, 158, 2, 158),
(1, 159, 4, 159),
(1, 160, 3, 160),
(1, 161, 2, 161),
(1, 162, 5, 162),
(1, 163, 1, 163),
(1, 164, 4, 164),
(1, 165, 5, 165),
(1, 166, 2, 166),
(1, 167, 2, 167),
(1, 168, 4, 168),
(1, 169, 4, 169),
(1, 170, 1, 170),
(1, 171, 1, 171),
(1, 172, 2, 172),
(1, 173, 2, 173),
(1, 174, 2, 174),
(1, 175, 4, 175),
(1, 176, 3, 176),
(1, 177, 4, 177),
(1, 178, 2, 178),
(1, 179, 1, 179),
(1, 180, 1, 180),
(1, 181, 5, 181),
(1, 182, 5, 182),
(1, 183, 5, 183),
(1, 184, 3, 184),
(1, 185, 1, 185),
(1, 186, 4, 186),
(1, 187, 5, 187),
(1, 188, 4, 188),
(1, 189, 4, 189),
(1, 190, 5, 190),
(1, 191, 4, 191),
(1, 192, 3, 192),
(1, 193, 2, 193),
(1, 194, 1, 194),
(1, 195, 5, 195),
(1, 196, 1, 196),
(1, 197, 4, 197),
(1, 198, 1, 198),
(1, 199, 2, 199),
(1, 200, 3, 200),
(1, 201, 3, 201),
(1, 202, 3, 2501),
(1, 203, 2, 203),
(1, 204, 2, 204),
(1, 205, 2, 205),
(1, 206, 2, 206),
(1, 207, 3, 207),
(1, 208, 4, 208),
(1, 209, 2, 209),
(1, 210, 1, 210),
(1, 211, 4, 211),
(1, 212, 5, 212),
(1, 213, 3, 213),
(1, 214, 4, 214),
(1, 215, 4, 215),
(1, 216, 4, 216),
(1, 217, 3, 217),
(1, 218, 4, 218),
(1, 219, 2, 219),
(1, 220, 2, 220),
(1, 221, 5, 221),
(1, 222, 3, 222),
(1, 223, 4, 223),
(1, 224, 4, 224),
(1, 225, 5, 225),
(1, 226, 5, 226),
(1, 227, 2, 227),
(1, 228, 1, 228),
(1, 229, 2, 229),
(1, 230, 3, 230),
(1, 231, 5, 231),
(1, 232, 2, 232),
(1, 233, 5, 233),
(1, 234, 2, 234),
(1, 235, 4, 235),
(1, 236, 1, 236),
(1, 237, 2, 237),
(1, 238, 2, 238),
(1, 239, 1, 239),
(1, 240, 5, 240),
(1, 241, 2, 241),
(1, 242, 4, 242),
(1, 243, 1, 243),
(1, 244, 5, 244),
(1, 245, 4, 245),
(1, 246, 1, 246),
(1, 247, 2, 247),
(1, 248, 5, 248),
(1, 249, 2, 249),
(1, 250, 3, 250),
(2, 1, 2, 251),
(2, 2, 1, 252),
(2, 3, 2, 253),
(2, 4, 2, 254),
(2, 5, 4, 255),
(2, 6, 2, 256),
(2, 7, 5, 257),
(2, 8, 2, 258),
(2, 9, 5, 259),
(2, 10, 5, 260),
(2, 11, 1, 261),
(2, 12, 3, 262),
(2, 13, 2, 263),
(2, 14, 5, 264),
(2, 15, 2, 265),
(2, 16, 2, 266),
(2, 17, 2, 267),
(2, 18, 4, 268),
(2, 19, 4, 269),
(2, 20, 1, 270),
(2, 21, 3, 271),
(2, 22, 1, 272),
(2, 23, 1, 273),
(2, 24, 2, 274),
(2, 25, 3, 275),
(2, 26, 2, 276),
(2, 27, 1, 277),
(2, 28, 5, 278),
(2, 29, 1, 279),
(2, 30, 3, 280),
(2, 31, 3, 281),
(2, 32, 1, 282),
(2, 33, 4, 283),
(2, 34, 2, 284),
(2, 35, 4, 285),
(2, 36, 2, 286),
(2, 37, 3, 287),
(2, 38, 2, 288),
(2, 39, 1, 289),
(2, 40, 3, 290),
(2, 41, 1, 291),
(2, 42, 5, 292),
(2, 43, 1, 293),
(2, 44, 3, 294),
(2, 45, 3, 295),
(2, 46, 5, 296),
(2, 47, 4, 297),
(2, 48, 5, 298),
(2, 49, 3, 299),
(2, 50, 4, 300),
(2, 51, 3, 301),
(2, 52, 2, 302),
(2, 53, 3, 303),
(2, 54, 4, 304),
(2, 55, 4, 305),
(2, 56, 2, 306),
(2, 57, 3, 307),
(2, 58, 4, 308),
(2, 59, 5, 309),
(2, 60, 2, 310),
(2, 61, 2, 311),
(2, 62, 3, 312),
(2, 63, 3, 313),
(2, 64, 5, 314),
(2, 65, 1, 315),
(2, 66, 2, 316),
(2, 67, 3, 317),
(2, 68, 2, 318),
(2, 69, 1, 319),
(2, 70, 4, 320),
(2, 71, 5, 321),
(2, 72, 3, 322),
(2, 73, 4, 323),
(2, 74, 2, 324),
(2, 75, 2, 325),
(2, 76, 3, 326),
(2, 77, 4, 327),
(2, 78, 2, 328),
(2, 79, 5, 329),
(2, 80, 1, 330),
(2, 81, 2, 331),
(2, 82, 4, 332),
(2, 83, 5, 333),
(2, 84, 3, 334),
(2, 85, 3, 335),
(2, 86, 5, 336),
(2, 87, 3, 337),
(2, 88, 5, 338),
(2, 89, 1, 339),
(2, 90, 4, 340),
(2, 91, 1, 341),
(2, 92, 2, 342),
(2, 93, 5, 343),
(2, 94, 5, 344),
(2, 95, 4, 345),
(2, 96, 4, 346),
(2, 97, 4, 347),
(2, 98, 2, 348),
(2, 99, 2, 349),
(2, 100, 5, 350),
(2, 101, 1, 351),
(2, 102, 5, 352),
(2, 103, 5, 353),
(2, 104, 2, 354),
(2, 105, 4, 355),
(2, 106, 5, 356),
(2, 107, 2, 357),
(2, 108, 3, 358),
(2, 109, 5, 359),
(2, 110, 5, 360),
(2, 111, 1, 361),
(2, 112, 2, 362),
(2, 113, 3, 363),
(2, 114, 2, 364),
(2, 115, 1, 365),
(2, 116, 1, 366),
(2, 117, 2, 367),
(2, 118, 3, 368),
(2, 119, 5, 369),
(2, 120, 4, 370),
(2, 121, 4, 371),
(2, 122, 3, 372),
(2, 123, 1, 373),
(2, 124, 1, 374),
(2, 125, 3, 375),
(2, 126, 3, 376),
(2, 127, 4, 377),
(2, 128, 2, 378),
(2, 129, 4, 379),
(2, 130, 4, 380),
(2, 131, 2, 381),
(2, 132, 5, 382),
(2, 133, 2, 383),
(2, 134, 4, 384),
(2, 135, 3, 385),
(2, 136, 1, 386),
(2, 137, 5, 387),
(2, 138, 1, 388),
(2, 139, 1, 389),
(2, 140, 3, 390),
(2, 141, 2, 391),
(2, 142, 2, 392),
(2, 143, 1, 393),
(2, 144, 2, 394),
(2, 145, 1, 395),
(2, 146, 4, 396),
(2, 147, 4, 397),
(2, 148, 1, 398),
(2, 149, 3, 399),
(2, 150, 3, 400),
(2, 151, 4, 401),
(2, 152, 2, 402),
(2, 153, 4, 403),
(2, 154, 5, 404),
(2, 155, 1, 405),
(2, 156, 2, 406),
(2, 157, 3, 407),
(2, 158, 5, 408),
(2, 159, 4, 409),
(2, 160, 2, 410),
(2, 161, 5, 411),
(2, 162, 5, 412),
(2, 163, 4, 413),
(2, 164, 4, 414),
(2, 165, 3, 415),
(2, 166, 3, 416),
(2, 167, 1, 417),
(2, 168, 2, 418),
(2, 169, 5, 419),
(2, 170, 4, 420),
(2, 171, 5, 421),
(2, 172, 2, 422),
(2, 173, 2, 423),
(2, 174, 4, 424),
(2, 175, 1, 425),
(2, 176, 2, 426),
(2, 177, 3, 427),
(2, 178, 5, 428),
(2, 179, 4, 429),
(2, 180, 2, 430),
(2, 181, 1, 431),
(2, 182, 4, 432),
(2, 183, 4, 433),
(2, 184, 2, 434),
(2, 185, 5, 435),
(2, 186, 3, 436),
(2, 187, 1, 437),
(2, 188, 3, 438),
(2, 189, 3, 439),
(2, 190, 1, 440),
(2, 191, 4, 441),
(2, 192, 5, 442),
(2, 193, 2, 443),
(2, 194, 1, 444),
(2, 195, 3, 445),
(2, 196, 4, 446),
(2, 197, 5, 447),
(2, 198, 1, 448),
(2, 199, 1, 449),
(2, 200, 5, 450),
(2, 201, 5, 451),
(2, 202, 5, 452),
(2, 203, 1, 453),
(2, 204, 2, 454),
(2, 205, 1, 455),
(2, 206, 2, 456),
(2, 207, 1, 457),
(2, 208, 5, 458),
(2, 209, 4, 459),
(2, 210, 3, 460),
(2, 211, 5, 461),
(2, 212, 2, 462),
(2, 213, 4, 463),
(2, 214, 3, 464),
(2, 215, 1, 465),
(2, 216, 4, 466),
(2, 217, 4, 467),
(2, 218, 5, 468),
(2, 219, 3, 469),
(2, 220, 4, 470),
(2, 221, 3, 471),
(2, 222, 1, 472),
(2, 223, 5, 473),
(2, 224, 3, 474),
(2, 225, 1, 475),
(2, 226, 4, 476),
(2, 227, 1, 477),
(2, 228, 1, 478),
(2, 229, 2, 479),
(2, 230, 3, 480),
(2, 231, 2, 481),
(2, 232, 4, 482),
(2, 233, 1, 483),
(2, 234, 4, 484),
(2, 235, 2, 485),
(2, 236, 2, 486),
(2, 237, 2, 487),
(2, 238, 5, 488),
(2, 239, 4, 489),
(2, 240, 1, 490),
(2, 241, 2, 491),
(2, 242, 4, 492),
(2, 243, 1, 493),
(2, 244, 1, 494),
(2, 245, 4, 495),
(2, 246, 5, 496),
(2, 247, 2, 497),
(2, 248, 3, 498),
(2, 249, 4, 499),
(2, 250, 4, 500),
(3, 1, 4, 501),
(3, 2, 5, 502),
(3, 3, 2, 503),
(3, 4, 5, 504),
(3, 5, 5, 505),
(3, 6, 3, 506),
(3, 7, 5, 507),
(3, 8, 5, 508),
(3, 9, 5, 509),
(3, 10, 5, 510),
(3, 11, 5, 511),
(3, 12, 2, 512),
(3, 13, 4, 513),
(3, 14, 3, 514),
(3, 15, 3, 515),
(3, 16, 4, 516),
(3, 17, 1, 517),
(3, 18, 1, 518),
(3, 19, 1, 519),
(3, 20, 4, 520),
(3, 21, 5, 521),
(3, 22, 1, 522),
(3, 23, 4, 523),
(3, 24, 4, 524),
(3, 25, 5, 525),
(3, 26, 5, 526),
(3, 27, 4, 527),
(3, 28, 2, 528),
(3, 29, 4, 529),
(3, 30, 1, 530),
(3, 31, 5, 531),
(3, 32, 5, 532),
(3, 33, 2, 533),
(3, 34, 5, 534),
(3, 35, 4, 535),
(3, 36, 5, 536),
(3, 37, 1, 537),
(3, 38, 2, 538),
(3, 39, 4, 539),
(3, 40, 4, 540),
(3, 41, 5, 541),
(3, 42, 1, 542),
(3, 43, 1, 543),
(3, 44, 3, 544),
(3, 45, 4, 545),
(3, 46, 4, 546),
(3, 47, 5, 547),
(3, 48, 3, 548),
(3, 49, 4, 549),
(3, 50, 4, 550),
(3, 51, 5, 551),
(3, 52, 5, 552),
(3, 53, 2, 553),
(3, 54, 3, 554),
(3, 55, 3, 555),
(3, 56, 4, 556),
(3, 57, 5, 557),
(3, 58, 4, 558),
(3, 59, 1, 559),
(3, 60, 5, 560),
(3, 61, 3, 561),
(3, 62, 4, 562),
(3, 63, 1, 563),
(3, 64, 4, 564),
(3, 65, 5, 565),
(3, 66, 5, 566),
(3, 67, 5, 567),
(3, 68, 2, 568),
(3, 69, 3, 569),
(3, 70, 3, 570),
(3, 71, 3, 571),
(3, 72, 1, 572),
(3, 73, 5, 573),
(3, 74, 5, 574),
(3, 75, 3, 575),
(3, 76, 3, 576),
(3, 77, 4, 577),
(3, 78, 3, 578),
(3, 79, 5, 579),
(3, 80, 2, 580),
(3, 81, 2, 581),
(3, 82, 4, 582),
(3, 83, 1, 583),
(3, 84, 1, 584),
(3, 85, 4, 585),
(3, 86, 1, 586),
(3, 87, 5, 587),
(3, 88, 2, 588),
(3, 89, 5, 589),
(3, 90, 5, 590),
(3, 91, 4, 591),
(3, 92, 4, 592),
(3, 93, 2, 593),
(3, 94, 3, 594),
(3, 95, 4, 595),
(3, 96, 1, 596),
(3, 97, 5, 597),
(3, 98, 3, 598),
(3, 99, 5, 599),
(3, 100, 3, 600),
(3, 101, 5, 601),
(3, 102, 3, 602),
(3, 103, 1, 603),
(3, 104, 4, 604),
(3, 105, 5, 605),
(3, 106, 2, 606),
(3, 107, 2, 607),
(3, 108, 2, 608),
(3, 109, 5, 609),
(3, 110, 4, 610),
(3, 111, 1, 611),
(3, 112, 4, 612),
(3, 113, 1, 613),
(3, 114, 5, 614),
(3, 115, 4, 615),
(3, 116, 2, 616),
(3, 117, 2, 617),
(3, 118, 4, 618),
(3, 119, 3, 619),
(3, 120, 2, 620),
(3, 121, 5, 621),
(3, 122, 5, 622),
(3, 123, 4, 623),
(3, 124, 5, 624),
(3, 125, 2, 625),
(3, 126, 4, 626),
(3, 127, 1, 627),
(3, 128, 5, 628),
(3, 129, 5, 629),
(3, 130, 4, 630),
(3, 131, 2, 631),
(3, 132, 2, 632),
(3, 133, 4, 633),
(3, 134, 1, 634),
(3, 135, 4, 635),
(3, 136, 1, 636),
(3, 137, 1, 637),
(3, 138, 2, 638),
(3, 139, 2, 639),
(3, 140, 4, 640),
(3, 141, 3, 641),
(3, 142, 2, 642),
(3, 143, 1, 643),
(3, 144, 4, 644),
(3, 145, 3, 645),
(3, 146, 1, 646),
(3, 147, 3, 647),
(3, 148, 3, 648),
(3, 149, 2, 649),
(3, 150, 5, 650),
(3, 151, 1, 651),
(3, 152, 2, 652),
(3, 153, 2, 653),
(3, 154, 3, 654),
(3, 155, 1, 655),
(3, 156, 3, 656),
(3, 157, 1, 657),
(3, 158, 2, 658),
(3, 159, 2, 659),
(3, 160, 3, 660),
(3, 161, 5, 661),
(3, 162, 4, 662),
(3, 163, 3, 663),
(3, 164, 2, 664),
(3, 165, 5, 665),
(3, 166, 2, 666),
(3, 167, 2, 667),
(3, 168, 1, 668),
(3, 169, 2, 669),
(3, 170, 2, 670),
(3, 171, 1, 671),
(3, 172, 4, 672),
(3, 173, 3, 673),
(3, 174, 3, 674),
(3, 175, 4, 675),
(3, 176, 4, 676),
(3, 177, 5, 677),
(3, 178, 1, 678),
(3, 179, 1, 679),
(3, 180, 3, 680),
(3, 181, 4, 681),
(3, 182, 4, 682),
(3, 183, 4, 683),
(3, 184, 3, 684),
(3, 185, 3, 685),
(3, 186, 2, 686),
(3, 187, 4, 687),
(3, 188, 2, 688),
(3, 189, 5, 689),
(3, 190, 1, 690),
(3, 191, 1, 691),
(3, 192, 1, 692),
(3, 193, 3, 693),
(3, 194, 1, 694),
(3, 195, 4, 695),
(3, 196, 5, 696),
(3, 197, 5, 697),
(3, 198, 5, 698),
(3, 199, 3, 699),
(3, 200, 2, 700),
(3, 201, 3, 701),
(3, 202, 1, 702),
(3, 203, 1, 703),
(3, 204, 2, 704),
(3, 205, 3, 705),
(3, 206, 2, 706),
(3, 207, 3, 707),
(3, 208, 3, 708),
(3, 209, 1, 709),
(3, 210, 2, 710),
(3, 211, 5, 711),
(3, 212, 2, 712),
(3, 213, 1, 713),
(3, 214, 3, 714),
(3, 215, 4, 715),
(3, 216, 5, 716),
(3, 217, 4, 717),
(3, 218, 3, 718),
(3, 219, 1, 719),
(3, 220, 1, 720),
(3, 221, 2, 721),
(3, 222, 4, 722),
(3, 223, 4, 723),
(3, 224, 1, 724),
(3, 225, 1, 725),
(3, 226, 2, 726),
(3, 227, 1, 727),
(3, 228, 5, 728),
(3, 229, 2, 729),
(3, 230, 1, 730),
(3, 231, 2, 731),
(3, 232, 3, 732),
(3, 233, 4, 733),
(3, 234, 4, 734),
(3, 235, 5, 735),
(3, 236, 1, 736),
(3, 237, 2, 737),
(3, 238, 1, 738),
(3, 239, 1, 739),
(3, 240, 2, 740),
(3, 241, 1, 741),
(3, 242, 2, 742),
(3, 243, 2, 743),
(3, 244, 2, 744),
(3, 245, 1, 745),
(3, 246, 1, 746),
(3, 247, 5, 747),
(3, 248, 2, 748),
(3, 249, 1, 749),
(3, 250, 3, 750),
(4, 1, 5, 751),
(4, 2, 5, 752),
(4, 3, 2, 753),
(4, 4, 2, 754),
(4, 5, 2, 755),
(4, 6, 1, 756),
(4, 7, 3, 757),
(4, 8, 2, 758),
(4, 9, 3, 759),
(4, 10, 4, 760),
(4, 11, 1, 761),
(4, 12, 1, 762),
(4, 13, 4, 763),
(4, 14, 2, 764),
(4, 15, 5, 765),
(4, 16, 1, 766),
(4, 17, 3, 767),
(4, 18, 5, 768),
(4, 19, 3, 769),
(4, 20, 5, 770),
(4, 21, 5, 771),
(4, 22, 2, 772),
(4, 23, 4, 773),
(4, 24, 1, 774),
(4, 25, 2, 775),
(4, 26, 5, 776),
(4, 27, 2, 777),
(4, 28, 3, 778),
(4, 29, 1, 779),
(4, 30, 3, 780),
(4, 31, 2, 781),
(4, 32, 1, 782),
(4, 33, 3, 783),
(4, 34, 3, 784),
(4, 35, 1, 785),
(4, 36, 2, 786),
(4, 37, 2, 787),
(4, 38, 1, 788),
(4, 39, 1, 789),
(4, 40, 4, 790),
(4, 41, 1, 791),
(4, 42, 1, 792),
(4, 43, 5, 793),
(4, 44, 3, 794),
(4, 45, 4, 795),
(4, 46, 2, 796),
(4, 47, 4, 797),
(4, 48, 5, 798),
(4, 49, 2, 799),
(4, 50, 5, 800),
(4, 51, 4, 801),
(4, 52, 2, 802),
(4, 53, 3, 803),
(4, 54, 3, 804),
(4, 55, 2, 805),
(4, 56, 5, 806),
(4, 57, 5, 807),
(4, 58, 1, 808),
(4, 59, 2, 809),
(4, 60, 4, 810),
(4, 61, 5, 811),
(4, 62, 5, 812),
(4, 63, 4, 813),
(4, 64, 1, 814),
(4, 65, 1, 815),
(4, 66, 3, 816),
(4, 67, 1, 817),
(4, 68, 3, 818),
(4, 69, 4, 819),
(4, 70, 5, 820),
(4, 71, 1, 821),
(4, 72, 5, 822),
(4, 73, 1, 823),
(4, 74, 4, 824),
(4, 75, 1, 825),
(4, 76, 1, 826),
(4, 77, 1, 827),
(4, 78, 2, 828),
(4, 79, 3, 829),
(4, 80, 1, 830),
(4, 81, 4, 831),
(4, 82, 3, 832),
(4, 83, 2, 833),
(4, 84, 3, 834),
(4, 85, 2, 835),
(4, 86, 2, 836),
(4, 87, 5, 837),
(4, 88, 3, 838),
(4, 89, 5, 839),
(4, 90, 5, 840),
(4, 91, 1, 841),
(4, 92, 2, 842),
(4, 93, 4, 843),
(4, 94, 2, 844),
(4, 95, 1, 845),
(4, 96, 3, 846),
(4, 97, 2, 847),
(4, 98, 3, 848),
(4, 99, 2, 849),
(4, 100, 3, 850),
(4, 101, 4, 851),
(4, 102, 3, 852),
(4, 103, 4, 853),
(4, 104, 1, 854),
(4, 105, 4, 855),
(4, 106, 3, 856),
(4, 107, 5, 857),
(4, 108, 4, 858),
(4, 109, 4, 859),
(4, 110, 2, 860),
(4, 111, 3, 861),
(4, 112, 2, 862),
(4, 113, 3, 863),
(4, 114, 3, 864),
(4, 115, 5, 865),
(4, 116, 4, 866),
(4, 117, 5, 867),
(4, 118, 5, 868),
(4, 119, 4, 869),
(4, 120, 5, 870),
(4, 121, 5, 871),
(4, 122, 3, 872),
(4, 123, 3, 873),
(4, 124, 3, 874),
(4, 125, 1, 875),
(4, 126, 5, 876),
(4, 127, 3, 877),
(4, 128, 2, 878),
(4, 129, 4, 879),
(4, 130, 4, 880),
(4, 131, 3, 881),
(4, 132, 4, 882),
(4, 133, 4, 883),
(4, 134, 1, 884),
(4, 135, 5, 885),
(4, 136, 5, 886),
(4, 137, 3, 887),
(4, 138, 1, 888),
(4, 139, 3, 889),
(4, 140, 1, 890),
(4, 141, 4, 891),
(4, 142, 1, 892),
(4, 143, 2, 893),
(4, 144, 5, 894),
(4, 145, 3, 895),
(4, 146, 4, 896),
(4, 147, 4, 897),
(4, 148, 1, 898),
(4, 149, 2, 899),
(4, 150, 5, 900),
(4, 151, 4, 901),
(4, 152, 2, 902),
(4, 153, 2, 903),
(4, 154, 3, 904),
(4, 155, 5, 905),
(4, 156, 3, 906),
(4, 157, 1, 907),
(4, 158, 2, 908),
(4, 159, 1, 909),
(4, 160, 4, 910),
(4, 161, 3, 911),
(4, 162, 5, 912),
(4, 163, 4, 913),
(4, 164, 5, 914),
(4, 165, 3, 915),
(4, 166, 2, 916),
(4, 167, 3, 917),
(4, 168, 5, 918),
(4, 169, 4, 919),
(4, 170, 4, 920),
(4, 171, 2, 921),
(4, 172, 3, 922),
(4, 173, 2, 923),
(4, 174, 5, 924),
(4, 175, 1, 925),
(4, 176, 2, 926),
(4, 177, 2, 927),
(4, 178, 4, 928),
(4, 179, 5, 929),
(4, 180, 2, 930),
(4, 181, 4, 931),
(4, 182, 2, 932),
(4, 183, 2, 933),
(4, 184, 2, 934),
(4, 185, 2, 935),
(4, 186, 3, 936),
(4, 187, 5, 937),
(4, 188, 5, 938),
(4, 189, 1, 939),
(4, 190, 2, 940),
(4, 191, 3, 941),
(4, 192, 1, 942),
(4, 193, 5, 943),
(4, 194, 2, 944),
(4, 195, 3, 945),
(4, 196, 2, 946),
(4, 197, 2, 947),
(4, 198, 3, 948),
(4, 199, 2, 949),
(4, 200, 2, 950),
(4, 201, 1, 951),
(4, 202, 3, 952),
(4, 203, 1, 953),
(4, 204, 1, 954),
(4, 205, 1, 955),
(4, 206, 3, 956),
(4, 207, 3, 957),
(4, 208, 1, 958),
(4, 209, 5, 959),
(4, 210, 3, 960),
(4, 211, 5, 961),
(4, 212, 2, 962),
(4, 213, 2, 963),
(4, 214, 1, 964),
(4, 215, 3, 965),
(4, 216, 2, 966),
(4, 217, 1, 967),
(4, 218, 5, 968),
(4, 219, 3, 969),
(4, 220, 2, 970),
(4, 221, 2, 971),
(4, 222, 4, 972),
(4, 223, 1, 973),
(4, 224, 5, 974),
(4, 225, 5, 975),
(4, 226, 3, 976),
(4, 227, 1, 977),
(4, 228, 4, 978),
(4, 229, 2, 979),
(4, 230, 4, 980),
(4, 231, 3, 981),
(4, 232, 5, 982),
(4, 233, 1, 983),
(4, 234, 4, 984),
(4, 235, 1, 985),
(4, 236, 3, 986),
(4, 237, 2, 987),
(4, 238, 2, 988),
(4, 239, 3, 989),
(4, 240, 3, 990),
(4, 241, 3, 991),
(4, 242, 1, 992),
(4, 243, 3, 993),
(4, 244, 5, 994),
(4, 245, 5, 995),
(4, 246, 1, 996),
(4, 247, 2, 997),
(4, 248, 1, 998),
(4, 249, 2, 999),
(4, 250, 2, 1000),
(5, 1, 1, 1001),
(5, 2, 3, 1002),
(5, 3, 1, 1003),
(5, 4, 3, 1004),
(5, 5, 5, 1005),
(5, 6, 2, 1006),
(5, 7, 2, 1007),
(5, 8, 4, 1008),
(5, 9, 4, 1009),
(5, 10, 5, 1010),
(5, 11, 5, 1011),
(5, 12, 5, 1012),
(5, 13, 3, 1013),
(5, 14, 4, 1014),
(5, 15, 1, 1015),
(5, 16, 4, 1016),
(5, 17, 4, 1017),
(5, 18, 1, 1018),
(5, 19, 5, 1019),
(5, 20, 3, 1020),
(5, 21, 2, 1021),
(5, 22, 4, 1022),
(5, 23, 5, 1023),
(5, 24, 1, 1024),
(5, 25, 2, 1025),
(5, 26, 3, 1026),
(5, 27, 1, 1027),
(5, 28, 4, 1028),
(5, 29, 1, 1029),
(5, 30, 1, 1030),
(5, 31, 5, 1031),
(5, 32, 5, 1032),
(5, 33, 2, 1033),
(5, 34, 4, 1034),
(5, 35, 5, 1035),
(5, 36, 1, 1036),
(5, 37, 2, 1037),
(5, 38, 3, 1038),
(5, 39, 2, 1039),
(5, 40, 4, 1040),
(5, 41, 4, 1041),
(5, 42, 4, 1042),
(5, 43, 4, 1043),
(5, 44, 5, 1044),
(5, 45, 2, 1045),
(5, 46, 3, 1046),
(5, 47, 2, 1047),
(5, 48, 2, 1048),
(5, 49, 5, 1049),
(5, 50, 4, 1050),
(5, 51, 3, 1051),
(5, 52, 2, 1052),
(5, 53, 2, 1053),
(5, 54, 3, 1054),
(5, 55, 1, 1055),
(5, 56, 5, 1056),
(5, 57, 1, 1057),
(5, 58, 1, 1058),
(5, 59, 5, 1059),
(5, 60, 4, 1060),
(5, 61, 5, 1061),
(5, 62, 4, 1062),
(5, 63, 3, 1063),
(5, 64, 2, 1064),
(5, 65, 3, 1065),
(5, 66, 2, 1066),
(5, 67, 2, 1067),
(5, 68, 2, 1068),
(5, 69, 1, 1069),
(5, 70, 1, 1070),
(5, 71, 4, 1071),
(5, 72, 4, 1072),
(5, 73, 1, 1073),
(5, 74, 5, 1074),
(5, 75, 4, 1075),
(5, 76, 5, 1076),
(5, 77, 2, 1077),
(5, 78, 4, 1078),
(5, 79, 5, 1079),
(5, 80, 3, 1080),
(5, 81, 2, 1081),
(5, 82, 4, 1082),
(5, 83, 1, 1083),
(5, 84, 3, 1084),
(5, 85, 4, 1085),
(5, 86, 1, 1086),
(5, 87, 1, 1087),
(5, 88, 2, 1088),
(5, 89, 5, 1089),
(5, 90, 4, 1090),
(5, 91, 3, 1091),
(5, 92, 2, 1092),
(5, 93, 3, 1093),
(5, 94, 4, 1094),
(5, 95, 1, 1095),
(5, 96, 5, 1096),
(5, 97, 3, 1097),
(5, 98, 4, 1098),
(5, 99, 5, 1099),
(5, 100, 2, 1100),
(5, 101, 4, 1101),
(5, 102, 4, 1102),
(5, 103, 5, 1103),
(5, 104, 1, 1104),
(5, 105, 4, 1105),
(5, 106, 4, 1106),
(5, 107, 1, 1107),
(5, 108, 5, 1108),
(5, 109, 3, 1109),
(5, 110, 2, 1110),
(5, 111, 1, 1111),
(5, 112, 1, 1112),
(5, 113, 3, 1113),
(5, 114, 1, 1114),
(5, 115, 2, 1115),
(5, 116, 4, 1116),
(5, 117, 3, 1117),
(5, 118, 5, 1118),
(5, 119, 5, 1119),
(5, 120, 5, 1120),
(5, 121, 3, 1121),
(5, 122, 3, 1122),
(5, 123, 1, 1123),
(5, 124, 3, 1124),
(5, 125, 5, 1125),
(5, 126, 5, 1126),
(5, 127, 5, 1127),
(5, 128, 2, 1128),
(5, 129, 3, 1129),
(5, 130, 2, 1130),
(5, 131, 5, 1131),
(5, 132, 1, 1132),
(5, 133, 2, 1133),
(5, 134, 1, 1134),
(5, 135, 5, 1135),
(5, 136, 5, 1136),
(5, 137, 5, 1137),
(5, 138, 2, 1138),
(5, 139, 2, 1139),
(5, 140, 5, 1140),
(5, 141, 2, 1141),
(5, 142, 1, 1142),
(5, 143, 4, 1143),
(5, 144, 4, 1144),
(5, 145, 1, 1145),
(5, 146, 4, 1146),
(5, 147, 1, 1147),
(5, 148, 5, 1148),
(5, 149, 5, 1149),
(5, 150, 5, 1150),
(5, 151, 5, 1151),
(5, 152, 1, 1152),
(5, 153, 2, 1153),
(5, 154, 1, 1154),
(5, 155, 5, 1155),
(5, 156, 3, 1156),
(5, 157, 4, 1157),
(5, 158, 2, 1158),
(5, 159, 4, 1159),
(5, 160, 5, 1160),
(5, 161, 4, 1161),
(5, 162, 2, 1162),
(5, 163, 1, 1163),
(5, 164, 3, 1164),
(5, 165, 2, 1165),
(5, 166, 2, 1166),
(5, 167, 1, 1167),
(5, 168, 5, 1168),
(5, 169, 4, 1169),
(5, 170, 3, 1170),
(5, 171, 4, 1171),
(5, 172, 4, 1172),
(5, 173, 5, 1173),
(5, 174, 2, 1174),
(5, 175, 1, 1175),
(5, 176, 4, 1176),
(5, 177, 2, 1177),
(5, 178, 3, 1178),
(5, 179, 5, 1179),
(5, 180, 4, 1180),
(5, 181, 2, 1181),
(5, 182, 1, 1182),
(5, 183, 2, 1183),
(5, 184, 2, 1184),
(5, 185, 5, 1185),
(5, 186, 3, 1186),
(5, 187, 3, 1187),
(5, 188, 2, 1188),
(5, 189, 1, 1189),
(5, 190, 1, 1190),
(5, 191, 5, 1191),
(5, 192, 2, 1192),
(5, 193, 5, 1193),
(5, 194, 3, 1194),
(5, 195, 5, 1195),
(5, 196, 5, 1196),
(5, 197, 2, 1197),
(5, 198, 3, 1198),
(5, 199, 2, 1199),
(5, 200, 3, 1200),
(5, 201, 3, 1201),
(5, 202, 4, 1202),
(5, 203, 4, 1203),
(5, 204, 4, 1204),
(5, 205, 1, 1205),
(5, 206, 5, 1206),
(5, 207, 2, 1207),
(5, 208, 2, 1208),
(5, 209, 3, 1209),
(5, 210, 4, 1210),
(5, 211, 2, 1211),
(5, 212, 5, 1212),
(5, 213, 4, 1213),
(5, 214, 1, 1214),
(5, 215, 4, 1215),
(5, 216, 2, 1216),
(5, 217, 3, 1217),
(5, 218, 5, 1218),
(5, 219, 4, 1219),
(5, 220, 1, 1220),
(5, 221, 3, 1221),
(5, 222, 3, 1222),
(5, 223, 4, 1223),
(5, 224, 4, 1224),
(5, 225, 3, 1225),
(5, 226, 5, 1226),
(5, 227, 5, 1227),
(5, 228, 3, 1228),
(5, 229, 4, 1229),
(5, 230, 1, 1230),
(5, 231, 2, 1231),
(5, 232, 2, 1232),
(5, 233, 1, 1233),
(5, 234, 4, 1234),
(5, 235, 2, 1235),
(5, 236, 4, 1236),
(5, 237, 3, 1237),
(5, 238, 1, 1238),
(5, 239, 5, 1239),
(5, 240, 1, 1240),
(5, 241, 2, 1241),
(5, 242, 2, 1242),
(5, 243, 1, 1243),
(5, 244, 5, 1244),
(5, 245, 2, 1245),
(5, 246, 4, 1246),
(5, 247, 5, 1247),
(5, 248, 3, 1248),
(5, 249, 3, 1249),
(5, 250, 5, 1250),
(6, 1, 1, 1251),
(6, 2, 4, 1252),
(6, 3, 1, 1253),
(6, 4, 2, 1254),
(6, 5, 3, 1255),
(6, 6, 3, 1256),
(6, 7, 5, 1257),
(6, 8, 2, 1258),
(6, 9, 4, 1259),
(6, 10, 2, 1260),
(6, 11, 3, 1261),
(6, 12, 1, 1262),
(6, 13, 1, 1263),
(6, 14, 4, 1264),
(6, 15, 1, 1265),
(6, 16, 1, 1266),
(6, 17, 5, 1267),
(6, 18, 4, 1268),
(6, 19, 1, 1269),
(6, 20, 5, 1270),
(6, 21, 3, 1271),
(6, 22, 5, 1272),
(6, 23, 5, 1273),
(6, 24, 2, 1274),
(6, 25, 1, 1275),
(6, 26, 3, 1276),
(6, 27, 2, 1277),
(6, 28, 2, 1278),
(6, 29, 3, 1279),
(6, 30, 1, 1280),
(6, 31, 2, 1281),
(6, 32, 5, 1282),
(6, 33, 4, 1283),
(6, 34, 1, 1284),
(6, 35, 1, 1285),
(6, 36, 3, 1286),
(6, 37, 3, 1287),
(6, 38, 3, 1288),
(6, 39, 3, 1289),
(6, 40, 5, 1290),
(6, 41, 1, 1291),
(6, 42, 5, 1292),
(6, 43, 2, 1293),
(6, 44, 4, 1294),
(6, 45, 3, 1295),
(6, 46, 3, 1296),
(6, 47, 3, 1297),
(6, 48, 3, 1298),
(6, 49, 4, 1299),
(6, 50, 1, 1300),
(6, 51, 1, 1301),
(6, 52, 2, 1302),
(6, 53, 3, 1303),
(6, 54, 2, 1304),
(6, 55, 5, 1305),
(6, 56, 2, 1306),
(6, 57, 4, 1307),
(6, 58, 2, 1308),
(6, 59, 1, 1309),
(6, 60, 4, 1310),
(6, 61, 5, 1311),
(6, 62, 4, 1312),
(6, 63, 2, 1313),
(6, 64, 5, 1314),
(6, 65, 1, 1315),
(6, 66, 1, 1316),
(6, 67, 4, 1317),
(6, 68, 5, 1318),
(6, 69, 3, 1319),
(6, 70, 1, 1320),
(6, 71, 2, 1321),
(6, 72, 5, 1322),
(6, 73, 3, 1323),
(6, 74, 5, 1324),
(6, 75, 5, 1325),
(6, 76, 4, 1326),
(6, 77, 3, 1327),
(6, 78, 3, 1328),
(6, 79, 5, 1329),
(6, 80, 5, 1330),
(6, 81, 1, 1331),
(6, 82, 4, 1332),
(6, 83, 3, 1333),
(6, 84, 3, 1334),
(6, 85, 2, 1335),
(6, 86, 1, 1336),
(6, 87, 2, 1337),
(6, 88, 2, 1338),
(6, 89, 2, 1339),
(6, 90, 1, 1340),
(6, 91, 4, 1341),
(6, 92, 5, 1342),
(6, 93, 2, 1343),
(6, 94, 4, 1344),
(6, 95, 4, 1345),
(6, 96, 2, 1346),
(6, 97, 5, 1347),
(6, 98, 4, 1348),
(6, 99, 1, 1349),
(6, 100, 3, 1350),
(6, 101, 1, 1351),
(6, 102, 5, 1352),
(6, 103, 4, 1353),
(6, 104, 2, 1354),
(6, 105, 2, 1355),
(6, 106, 4, 1356),
(6, 107, 4, 1357),
(6, 108, 2, 1358),
(6, 109, 5, 1359),
(6, 110, 4, 1360),
(6, 111, 4, 1361),
(6, 112, 5, 1362),
(6, 113, 5, 1363),
(6, 114, 2, 1364),
(6, 115, 4, 1365),
(6, 116, 5, 1366),
(6, 117, 2, 1367),
(6, 118, 3, 1368),
(6, 119, 4, 1369),
(6, 120, 2, 1370),
(6, 121, 4, 1371),
(6, 122, 2, 1372),
(6, 123, 4, 1373),
(6, 124, 5, 1374),
(6, 125, 1, 1375),
(6, 126, 3, 1376),
(6, 127, 4, 1377),
(6, 128, 3, 1378),
(6, 129, 2, 1379),
(6, 130, 1, 1380),
(6, 131, 4, 1381),
(6, 132, 2, 1382),
(6, 133, 2, 1383),
(6, 134, 2, 1384),
(6, 135, 3, 1385),
(6, 136, 2, 1386),
(6, 137, 5, 1387),
(6, 138, 4, 1388),
(6, 139, 2, 1389),
(6, 140, 2, 1390),
(6, 141, 3, 1391),
(6, 142, 4, 1392),
(6, 143, 1, 1393),
(6, 144, 5, 1394),
(6, 145, 4, 1395),
(6, 146, 2, 1396),
(6, 147, 5, 1397),
(6, 148, 3, 1398),
(6, 149, 2, 1399),
(6, 150, 4, 1400),
(6, 151, 1, 1401),
(6, 152, 2, 1402),
(6, 153, 3, 1403),
(6, 154, 1, 1404),
(6, 155, 5, 1405),
(6, 156, 2, 1406),
(6, 157, 3, 1407),
(6, 158, 4, 1408),
(6, 159, 3, 1409),
(6, 160, 2, 1410),
(6, 161, 4, 1411),
(6, 162, 5, 1412),
(6, 163, 5, 1413),
(6, 164, 1, 1414),
(6, 165, 2, 1415),
(6, 166, 4, 1416),
(6, 167, 4, 1417),
(6, 168, 1, 1418),
(6, 169, 3, 1419),
(6, 170, 5, 1420),
(6, 171, 2, 1421),
(6, 172, 5, 1422),
(6, 173, 1, 1423),
(6, 174, 1, 1424),
(6, 175, 3, 1425),
(6, 176, 5, 1426),
(6, 177, 3, 1427),
(6, 178, 5, 1428),
(6, 179, 1, 1429),
(6, 180, 5, 1430),
(6, 181, 3, 1431),
(6, 182, 2, 1432),
(6, 183, 3, 1433),
(6, 184, 4, 1434),
(6, 185, 1, 1435),
(6, 186, 3, 1436),
(6, 187, 3, 1437),
(6, 188, 3, 1438),
(6, 189, 5, 1439),
(6, 190, 3, 1440),
(6, 191, 2, 1441),
(6, 192, 2, 1442),
(6, 193, 5, 1443),
(6, 194, 5, 1444),
(6, 195, 4, 1445),
(6, 196, 2, 1446),
(6, 197, 1, 1447),
(6, 198, 5, 1448),
(6, 199, 4, 1449),
(6, 200, 1, 1450),
(6, 201, 2, 1451),
(6, 202, 4, 1452),
(6, 203, 3, 1453),
(6, 204, 4, 1454),
(6, 205, 4, 1455),
(6, 206, 1, 1456),
(6, 207, 5, 1457),
(6, 208, 4, 1458),
(6, 209, 1, 1459),
(6, 210, 3, 1460),
(6, 211, 5, 1461),
(6, 212, 2, 1462),
(6, 213, 2, 1463),
(6, 214, 5, 1464),
(6, 215, 5, 1465),
(6, 216, 5, 1466),
(6, 217, 1, 1467),
(6, 218, 3, 1468),
(6, 219, 5, 1469),
(6, 220, 5, 1470),
(6, 221, 1, 1471),
(6, 222, 3, 1472),
(6, 223, 2, 1473),
(6, 224, 1, 1474),
(6, 225, 2, 1475),
(6, 226, 3, 1476),
(6, 227, 5, 1477),
(6, 228, 2, 1478),
(6, 229, 1, 1479),
(6, 230, 5, 1480),
(6, 231, 5, 1481),
(6, 232, 3, 1482),
(6, 233, 2, 1483),
(6, 234, 4, 1484),
(6, 235, 3, 1485),
(6, 236, 1, 1486),
(6, 237, 5, 1487),
(6, 238, 2, 1488),
(6, 239, 2, 1489),
(6, 240, 2, 1490),
(6, 241, 4, 1491),
(6, 242, 4, 1492),
(6, 243, 2, 1493),
(6, 244, 5, 1494),
(6, 245, 3, 1495),
(6, 246, 5, 1496),
(6, 247, 2, 1497),
(6, 248, 2, 1498),
(6, 249, 3, 1499),
(6, 250, 2, 1500),
(7, 1, 1, 1501),
(7, 2, 3, 1502),
(7, 3, 1, 1503),
(7, 4, 2, 1504),
(7, 5, 5, 1505),
(7, 6, 5, 1506),
(7, 7, 2, 1507),
(7, 8, 3, 1508),
(7, 9, 4, 1509),
(7, 10, 1, 1510),
(7, 11, 4, 1511),
(7, 12, 4, 1512),
(7, 13, 5, 1513),
(7, 14, 5, 1514),
(7, 15, 2, 1515),
(7, 16, 1, 1516),
(7, 17, 3, 1517),
(7, 18, 4, 1518),
(7, 19, 3, 1519),
(7, 20, 2, 1520),
(7, 21, 5, 1521),
(7, 22, 5, 1522),
(7, 23, 2, 1523),
(7, 24, 3, 1524),
(7, 25, 5, 1525),
(7, 26, 1, 1526),
(7, 27, 2, 1527),
(7, 28, 1, 1528),
(7, 29, 2, 1529),
(7, 30, 3, 1530),
(7, 31, 3, 1531),
(7, 32, 4, 1532),
(7, 33, 4, 1533),
(7, 34, 4, 1534),
(7, 35, 5, 1535),
(7, 36, 3, 1536),
(7, 37, 1, 1537),
(7, 38, 5, 1538),
(7, 39, 1, 1539),
(7, 40, 5, 1540),
(7, 41, 1, 1541),
(7, 42, 2, 1542),
(7, 43, 5, 1543),
(7, 44, 1, 1544),
(7, 45, 5, 1545),
(7, 46, 2, 1546),
(7, 47, 3, 1547),
(7, 48, 5, 1548),
(7, 49, 5, 1549),
(7, 50, 4, 1550),
(7, 51, 1, 1551),
(7, 52, 2, 1552),
(7, 53, 2, 1553),
(7, 54, 4, 1554),
(7, 55, 5, 1555),
(7, 56, 3, 1556),
(7, 57, 2, 1557),
(7, 58, 2, 1558),
(7, 59, 5, 1559),
(7, 60, 1, 1560),
(7, 61, 3, 1561),
(7, 62, 2, 1562),
(7, 63, 3, 1563),
(7, 64, 1, 1564),
(7, 65, 1, 1565),
(7, 66, 2, 1566),
(7, 67, 1, 1567),
(7, 68, 1, 1568),
(7, 69, 1, 1569),
(7, 70, 5, 1570),
(7, 71, 1, 1571),
(7, 72, 5, 1572),
(7, 73, 3, 1573),
(7, 74, 2, 1574),
(7, 75, 2, 1575),
(7, 76, 3, 1576),
(7, 77, 5, 1577),
(7, 78, 5, 1578),
(7, 79, 1, 1579),
(7, 80, 3, 1580),
(7, 81, 1, 1581),
(7, 82, 1, 1582),
(7, 83, 2, 1583),
(7, 84, 4, 1584),
(7, 85, 1, 1585),
(7, 86, 4, 1586),
(7, 87, 2, 1587),
(7, 88, 2, 1588),
(7, 89, 5, 1589),
(7, 90, 4, 1590),
(7, 91, 5, 1591),
(7, 92, 1, 1592),
(7, 93, 2, 1593),
(7, 94, 2, 1594),
(7, 95, 1, 1595),
(7, 96, 1, 1596),
(7, 97, 5, 1597),
(7, 98, 3, 1598),
(7, 99, 4, 1599),
(7, 100, 5, 1600),
(7, 101, 2, 1601),
(7, 102, 2, 1602),
(7, 103, 4, 1603),
(7, 104, 1, 1604),
(7, 105, 4, 1605),
(7, 106, 5, 1606),
(7, 107, 3, 1607),
(7, 108, 3, 1608),
(7, 109, 2, 1609),
(7, 110, 4, 1610),
(7, 111, 5, 1611),
(7, 112, 3, 1612),
(7, 113, 3, 1613),
(7, 114, 3, 1614),
(7, 115, 4, 1615),
(7, 116, 5, 1616),
(7, 117, 4, 1617),
(7, 118, 1, 1618),
(7, 119, 5, 1619),
(7, 120, 4, 1620),
(7, 121, 5, 1621),
(7, 122, 2, 1622),
(7, 123, 2, 1623),
(7, 124, 4, 1624),
(7, 125, 5, 1625),
(7, 126, 5, 1626),
(7, 127, 4, 1627),
(7, 128, 1, 1628),
(7, 129, 5, 1629),
(7, 130, 3, 1630),
(7, 131, 5, 1631),
(7, 132, 3, 1632),
(7, 133, 3, 1633),
(7, 134, 5, 1634),
(7, 135, 3, 1635),
(7, 136, 1, 1636),
(7, 137, 3, 1637),
(7, 138, 2, 1638),
(7, 139, 3, 1639),
(7, 140, 1, 1640),
(7, 141, 2, 1641),
(7, 142, 2, 1642),
(7, 143, 3, 1643),
(7, 144, 5, 1644),
(7, 145, 4, 1645),
(7, 146, 2, 1646),
(7, 147, 4, 1647),
(7, 148, 4, 1648),
(7, 149, 2, 1649),
(7, 150, 4, 1650),
(7, 151, 3, 1651),
(7, 152, 1, 1652),
(7, 153, 2, 1653),
(7, 154, 1, 1654),
(7, 155, 2, 1655),
(7, 156, 5, 1656),
(7, 157, 2, 1657),
(7, 158, 3, 1658),
(7, 159, 2, 1659),
(7, 160, 1, 1660),
(7, 161, 4, 1661),
(7, 162, 5, 1662),
(7, 163, 1, 1663),
(7, 164, 2, 1664),
(7, 165, 1, 1665),
(7, 166, 5, 1666),
(7, 167, 4, 1667),
(7, 168, 3, 1668),
(7, 169, 4, 1669),
(7, 170, 5, 1670),
(7, 171, 1, 1671),
(7, 172, 4, 1672),
(7, 173, 3, 1673),
(7, 174, 4, 1674),
(7, 175, 3, 1675),
(7, 176, 4, 1676),
(7, 177, 4, 1677),
(7, 178, 4, 1678),
(7, 179, 4, 1679),
(7, 180, 3, 1680),
(7, 181, 3, 1681),
(7, 182, 4, 1682),
(7, 183, 3, 1683),
(7, 184, 1, 1684),
(7, 185, 4, 1685),
(7, 186, 5, 1686),
(7, 187, 3, 1687),
(7, 188, 3, 1688),
(7, 189, 1, 1689),
(7, 190, 5, 1690),
(7, 191, 3, 1691),
(7, 192, 2, 1692),
(7, 193, 2, 1693),
(7, 194, 1, 1694),
(7, 195, 5, 1695),
(7, 196, 5, 1696),
(7, 197, 5, 1697),
(7, 198, 1, 1698),
(7, 199, 3, 1699),
(7, 200, 3, 1700),
(7, 201, 4, 1701),
(7, 202, 2, 1702),
(7, 203, 3, 1703),
(7, 204, 3, 1704),
(7, 205, 4, 1705),
(7, 206, 4, 1706),
(7, 207, 5, 1707),
(7, 208, 1, 1708),
(7, 209, 1, 1709),
(7, 210, 2, 1710),
(7, 211, 2, 1711),
(7, 212, 1, 1712),
(7, 213, 3, 1713),
(7, 214, 5, 1714),
(7, 215, 1, 1715),
(7, 216, 2, 1716),
(7, 217, 3, 1717),
(7, 218, 4, 1718),
(7, 219, 1, 1719),
(7, 220, 4, 1720),
(7, 221, 2, 1721),
(7, 222, 4, 1722),
(7, 223, 3, 1723),
(7, 224, 2, 1724),
(7, 225, 3, 1725),
(7, 226, 5, 1726),
(7, 227, 4, 1727),
(7, 228, 2, 1728),
(7, 229, 5, 1729),
(7, 230, 5, 1730),
(7, 231, 5, 1731),
(7, 232, 1, 1732),
(7, 233, 2, 1733),
(7, 234, 5, 1734),
(7, 235, 5, 1735),
(7, 236, 1, 1736),
(7, 237, 5, 1737),
(7, 238, 5, 1738),
(7, 239, 3, 1739),
(7, 240, 2, 1740),
(7, 241, 4, 1741),
(7, 242, 5, 1742),
(7, 243, 4, 1743),
(7, 244, 2, 1744),
(7, 245, 3, 1745),
(7, 246, 1, 1746),
(7, 247, 4, 1747),
(7, 248, 2, 1748),
(7, 249, 5, 1749),
(7, 250, 5, 1750),
(8, 1, 3, 1751),
(8, 2, 1, 1752),
(8, 3, 1, 1753),
(8, 4, 4, 1754),
(8, 5, 4, 1755),
(8, 6, 3, 1756),
(8, 7, 5, 1757),
(8, 8, 1, 1758),
(8, 9, 2, 1759),
(8, 10, 2, 1760),
(8, 11, 3, 1761),
(8, 12, 5, 1762),
(8, 13, 2, 1763),
(8, 14, 3, 1764),
(8, 15, 5, 1765),
(8, 16, 1, 1766),
(8, 17, 3, 1767),
(8, 18, 1, 1768),
(8, 19, 4, 1769),
(8, 20, 3, 1770),
(8, 21, 3, 1771),
(8, 22, 3, 1772),
(8, 23, 1, 1773),
(8, 24, 5, 1774),
(8, 25, 3, 1775),
(8, 26, 5, 1776),
(8, 27, 1, 1777),
(8, 28, 1, 1778),
(8, 29, 5, 1779),
(8, 30, 2, 1780),
(8, 31, 3, 1781),
(8, 32, 2, 1782),
(8, 33, 4, 1783),
(8, 34, 3, 1784),
(8, 35, 3, 1785),
(8, 36, 2, 1786),
(8, 37, 1, 1787),
(8, 38, 4, 1788),
(8, 39, 4, 1789),
(8, 40, 1, 1790),
(8, 41, 4, 1791),
(8, 42, 1, 1792),
(8, 43, 2, 1793),
(8, 44, 2, 1794),
(8, 45, 2, 1795),
(8, 46, 2, 1796),
(8, 47, 5, 1797),
(8, 48, 2, 1798),
(8, 49, 3, 1799),
(8, 50, 2, 1800),
(8, 51, 5, 1801),
(8, 52, 4, 1802),
(8, 53, 3, 1803),
(8, 54, 5, 1804),
(8, 55, 2, 1805),
(8, 56, 2, 1806),
(8, 57, 5, 1807),
(8, 58, 5, 1808),
(8, 59, 1, 1809),
(8, 60, 5, 1810),
(8, 61, 5, 1811),
(8, 62, 2, 1812),
(8, 63, 2, 1813),
(8, 64, 4, 1814),
(8, 65, 2, 1815),
(8, 66, 4, 1816),
(8, 67, 3, 1817),
(8, 68, 2, 1818),
(8, 69, 4, 1819),
(8, 70, 4, 1820),
(8, 71, 4, 1821),
(8, 72, 3, 1822),
(8, 73, 1, 1823),
(8, 74, 3, 1824),
(8, 75, 4, 1825),
(8, 76, 5, 1826),
(8, 77, 1, 1827),
(8, 78, 3, 1828),
(8, 79, 1, 1829),
(8, 80, 2, 1830),
(8, 81, 1, 1831),
(8, 82, 3, 1832),
(8, 83, 1, 1833),
(8, 84, 5, 1834),
(8, 85, 4, 1835),
(8, 86, 1, 1836),
(8, 87, 2, 1837),
(8, 88, 5, 1838),
(8, 89, 2, 1839),
(8, 90, 1, 1840),
(8, 91, 4, 1841),
(8, 92, 4, 1842),
(8, 93, 2, 1843),
(8, 94, 5, 1844),
(8, 95, 2, 1845),
(8, 96, 4, 1846),
(8, 97, 4, 1847),
(8, 98, 1, 1848),
(8, 99, 3, 1849),
(8, 100, 4, 1850),
(8, 101, 1, 1851),
(8, 102, 4, 1852),
(8, 103, 3, 1853),
(8, 104, 4, 1854),
(8, 105, 2, 1855),
(8, 106, 1, 1856),
(8, 107, 2, 1857),
(8, 108, 1, 1858),
(8, 109, 1, 1859),
(8, 110, 4, 1860),
(8, 111, 3, 1861),
(8, 112, 2, 1862),
(8, 113, 4, 1863),
(8, 114, 2, 1864),
(8, 115, 1, 1865),
(8, 116, 1, 1866),
(8, 117, 3, 1867),
(8, 118, 5, 1868),
(8, 119, 5, 1869),
(8, 120, 1, 1870),
(8, 121, 1, 1871),
(8, 122, 5, 1872),
(8, 123, 5, 1873),
(8, 124, 5, 1874),
(8, 125, 3, 1875),
(8, 126, 5, 1876),
(8, 127, 1, 1877),
(8, 128, 3, 1878),
(8, 129, 4, 1879),
(8, 130, 1, 1880),
(8, 131, 5, 1881),
(8, 132, 3, 1882),
(8, 133, 3, 1883),
(8, 134, 4, 1884),
(8, 135, 2, 1885),
(8, 136, 1, 1886),
(8, 137, 1, 1887),
(8, 138, 4, 1888),
(8, 139, 5, 1889),
(8, 140, 3, 1890),
(8, 141, 3, 1891),
(8, 142, 3, 1892),
(8, 143, 5, 1893),
(8, 144, 1, 1894),
(8, 145, 3, 1895),
(8, 146, 3, 1896),
(8, 147, 4, 1897),
(8, 148, 1, 1898),
(8, 149, 3, 1899),
(8, 150, 1, 1900),
(8, 151, 3, 1901),
(8, 152, 5, 1902),
(8, 153, 2, 1903),
(8, 154, 1, 1904),
(8, 155, 3, 1905),
(8, 156, 4, 1906),
(8, 157, 1, 1907),
(8, 158, 4, 1908),
(8, 159, 5, 1909),
(8, 160, 4, 1910),
(8, 161, 2, 1911),
(8, 162, 5, 1912),
(8, 163, 2, 1913),
(8, 164, 5, 1914),
(8, 165, 5, 1915),
(8, 166, 5, 1916),
(8, 167, 2, 1917),
(8, 168, 5, 1918),
(8, 169, 3, 1919),
(8, 170, 2, 1920),
(8, 171, 4, 1921),
(8, 172, 2, 1922),
(8, 173, 5, 1923),
(8, 174, 2, 1924),
(8, 175, 3, 1925),
(8, 176, 2, 1926),
(8, 177, 3, 1927),
(8, 178, 1, 1928),
(8, 179, 1, 1929),
(8, 180, 3, 1930),
(8, 181, 2, 1931),
(8, 182, 1, 1932),
(8, 183, 1, 1933),
(8, 184, 2, 1934),
(8, 185, 5, 1935),
(8, 186, 5, 1936),
(8, 187, 1, 1937),
(8, 188, 1, 1938),
(8, 189, 1, 1939),
(8, 190, 3, 1940),
(8, 191, 3, 1941),
(8, 192, 2, 1942),
(8, 193, 5, 1943),
(8, 194, 2, 1944),
(8, 195, 1, 1945),
(8, 196, 5, 1946),
(8, 197, 1, 1947),
(8, 198, 2, 1948),
(8, 199, 1, 1949),
(8, 200, 4, 1950),
(8, 201, 1, 1951),
(8, 202, 5, 1952),
(8, 203, 4, 1953),
(8, 204, 2, 1954),
(8, 205, 1, 1955),
(8, 206, 4, 1956),
(8, 207, 4, 1957),
(8, 208, 3, 1958),
(8, 209, 2, 1959),
(8, 210, 3, 1960),
(8, 211, 3, 1961),
(8, 212, 1, 1962),
(8, 213, 4, 1963),
(8, 214, 2, 1964),
(8, 215, 2, 1965),
(8, 216, 4, 1966),
(8, 217, 3, 1967),
(8, 218, 3, 1968),
(8, 219, 4, 1969),
(8, 220, 4, 1970),
(8, 221, 5, 1971),
(8, 222, 1, 1972),
(8, 223, 5, 1973),
(8, 224, 1, 1974),
(8, 225, 5, 1975),
(8, 226, 2, 1976),
(8, 227, 3, 1977),
(8, 228, 5, 1978),
(8, 229, 1, 1979),
(8, 230, 4, 1980),
(8, 231, 2, 1981),
(8, 232, 3, 1982),
(8, 233, 4, 1983),
(8, 234, 3, 1984),
(8, 235, 1, 1985),
(8, 236, 1, 1986),
(8, 237, 3, 1987),
(8, 238, 3, 1988),
(8, 239, 2, 1989),
(8, 240, 3, 1990),
(8, 241, 2, 1991),
(8, 242, 3, 1992),
(8, 243, 1, 1993),
(8, 244, 3, 1994),
(8, 245, 5, 1995),
(8, 246, 3, 1996),
(8, 247, 2, 1997),
(8, 248, 4, 1998),
(8, 249, 2, 1999),
(8, 250, 1, 2000),
(9, 1, 3, 2001),
(9, 2, 3, 2002),
(9, 3, 4, 2003),
(9, 4, 1, 2004),
(9, 5, 5, 2005),
(9, 6, 2, 2006),
(9, 7, 2, 2007),
(9, 8, 1, 2008),
(9, 9, 5, 2009),
(9, 10, 1, 2010),
(9, 11, 5, 2011),
(9, 12, 1, 2012),
(9, 13, 3, 2013),
(9, 14, 1, 2014),
(9, 15, 4, 2015),
(9, 16, 1, 2016),
(9, 17, 5, 2017),
(9, 18, 3, 2018),
(9, 19, 4, 2019),
(9, 20, 1, 2020),
(9, 21, 1, 2021),
(9, 22, 3, 2022),
(9, 23, 2, 2023),
(9, 24, 2, 2024),
(9, 25, 4, 2025),
(9, 26, 3, 2026),
(9, 27, 3, 2027),
(9, 28, 4, 2028),
(9, 29, 5, 2029),
(9, 30, 1, 2030),
(9, 31, 2, 2031),
(9, 32, 3, 2032),
(9, 33, 5, 2033),
(9, 34, 4, 2034),
(9, 35, 1, 2035),
(9, 36, 3, 2036),
(9, 37, 4, 2037),
(9, 38, 4, 2038),
(9, 39, 4, 2039),
(9, 40, 4, 2040),
(9, 41, 1, 2041),
(9, 42, 1, 2042),
(9, 43, 4, 2043),
(9, 44, 1, 2044),
(9, 45, 4, 2045),
(9, 46, 4, 2046),
(9, 47, 3, 2047),
(9, 48, 4, 2048),
(9, 49, 4, 2049),
(9, 50, 4, 2050),
(9, 51, 4, 2051),
(9, 52, 4, 2052),
(9, 53, 3, 2053),
(9, 54, 4, 2054),
(9, 55, 2, 2055),
(9, 56, 5, 2056),
(9, 57, 5, 2057),
(9, 58, 4, 2058),
(9, 59, 2, 2059),
(9, 60, 3, 2060),
(9, 61, 1, 2061),
(9, 62, 3, 2062),
(9, 63, 5, 2063),
(9, 64, 5, 2064),
(9, 65, 3, 2065),
(9, 66, 4, 2066),
(9, 67, 1, 2067),
(9, 68, 2, 2068),
(9, 69, 4, 2069),
(9, 70, 3, 2070),
(9, 71, 5, 2071),
(9, 72, 1, 2072),
(9, 73, 2, 2073),
(9, 74, 5, 2074),
(9, 75, 5, 2075),
(9, 76, 5, 2076),
(9, 77, 4, 2077),
(9, 78, 2, 2078),
(9, 79, 2, 2079),
(9, 80, 3, 2080),
(9, 81, 2, 2081),
(9, 82, 4, 2082),
(9, 83, 2, 2083),
(9, 84, 5, 2084),
(9, 85, 5, 2085),
(9, 86, 5, 2086),
(9, 87, 5, 2087),
(9, 88, 1, 2088),
(9, 89, 2, 2089),
(9, 90, 4, 2090),
(9, 91, 2, 2091),
(9, 92, 2, 2092),
(9, 93, 5, 2093),
(9, 94, 2, 2094),
(9, 95, 4, 2095),
(9, 96, 5, 2096),
(9, 97, 2, 2097),
(9, 98, 3, 2098),
(9, 99, 5, 2099),
(9, 100, 5, 2100),
(9, 101, 2, 2101),
(9, 102, 4, 2102),
(9, 103, 5, 2103),
(9, 104, 2, 2104),
(9, 105, 1, 2105),
(9, 106, 5, 2106),
(9, 107, 4, 2107),
(9, 108, 3, 2108),
(9, 109, 4, 2109),
(9, 110, 3, 2110),
(9, 111, 2, 2111),
(9, 112, 3, 2112),
(9, 113, 2, 2113),
(9, 114, 5, 2114),
(9, 115, 1, 2115),
(9, 116, 4, 2116),
(9, 117, 3, 2117),
(9, 118, 4, 2118),
(9, 119, 1, 2119),
(9, 120, 5, 2120),
(9, 121, 5, 2121),
(9, 122, 1, 2122),
(9, 123, 2, 2123),
(9, 124, 3, 2124),
(9, 125, 3, 2125),
(9, 126, 1, 2126),
(9, 127, 1, 2127),
(9, 128, 3, 2128),
(9, 129, 4, 2129),
(9, 130, 5, 2130),
(9, 131, 3, 2131),
(9, 132, 1, 2132),
(9, 133, 2, 2133),
(9, 134, 5, 2134),
(9, 135, 3, 2135),
(9, 136, 5, 2136),
(9, 137, 4, 2137),
(9, 138, 3, 2138),
(9, 139, 5, 2139),
(9, 140, 5, 2140),
(9, 141, 1, 2141),
(9, 142, 2, 2142),
(9, 143, 2, 2143),
(9, 144, 2, 2144),
(9, 145, 2, 2145),
(9, 146, 2, 2146),
(9, 147, 1, 2147),
(9, 148, 5, 2148),
(9, 149, 4, 2149),
(9, 150, 2, 2150),
(9, 151, 3, 2151),
(9, 152, 5, 2152),
(9, 153, 4, 2153),
(9, 154, 1, 2154),
(9, 155, 3, 2155),
(9, 156, 4, 2156),
(9, 157, 3, 2157),
(9, 158, 4, 2158),
(9, 159, 1, 2159),
(9, 160, 3, 2160),
(9, 161, 1, 2161),
(9, 162, 5, 2162),
(9, 163, 5, 2163),
(9, 164, 1, 2164),
(9, 165, 4, 2165),
(9, 166, 5, 2166),
(9, 167, 3, 2167),
(9, 168, 2, 2168),
(9, 169, 2, 2169),
(9, 170, 3, 2170),
(9, 171, 1, 2171),
(9, 172, 2, 2172),
(9, 173, 4, 2173),
(9, 174, 3, 2174),
(9, 175, 4, 2175),
(9, 176, 2, 2176),
(9, 177, 1, 2177),
(9, 178, 3, 2178),
(9, 179, 4, 2179),
(9, 180, 4, 2180),
(9, 181, 4, 2181),
(9, 182, 3, 2182),
(9, 183, 2, 2183),
(9, 184, 1, 2184),
(9, 185, 4, 2185),
(9, 186, 5, 2186),
(9, 187, 2, 2187),
(9, 188, 5, 2188),
(9, 189, 4, 2189),
(9, 190, 5, 2190),
(9, 191, 4, 2191),
(9, 192, 5, 2192),
(9, 193, 5, 2193),
(9, 194, 1, 2194),
(9, 195, 3, 2195),
(9, 196, 2, 2196),
(9, 197, 4, 2197),
(9, 198, 1, 2198),
(9, 199, 2, 2199),
(9, 200, 4, 2200),
(9, 201, 1, 2201),
(9, 202, 5, 2202),
(9, 203, 1, 2203),
(9, 204, 4, 2204),
(9, 205, 2, 2205),
(9, 206, 5, 2206),
(9, 207, 1, 2207),
(9, 208, 3, 2208),
(9, 209, 5, 2209),
(9, 210, 5, 2210),
(9, 211, 1, 2211),
(9, 212, 4, 2212),
(9, 213, 4, 2213),
(9, 214, 5, 2214),
(9, 215, 1, 2215),
(9, 216, 2, 2216),
(9, 217, 5, 2217),
(9, 218, 1, 2218),
(9, 219, 3, 2219),
(9, 220, 4, 2220),
(9, 221, 3, 2221),
(9, 222, 5, 2222),
(9, 223, 1, 2223),
(9, 224, 1, 2224),
(9, 225, 2, 2225),
(9, 226, 2, 2226),
(9, 227, 5, 2227),
(9, 228, 2, 2228),
(9, 229, 2, 2229),
(9, 230, 1, 2230),
(9, 231, 2, 2231),
(9, 232, 4, 2232),
(9, 233, 3, 2233),
(9, 234, 2, 2234),
(9, 235, 4, 2235),
(9, 236, 4, 2236),
(9, 237, 3, 2237),
(9, 238, 4, 2238),
(9, 239, 4, 2239),
(9, 240, 1, 2240),
(9, 241, 4, 2241),
(9, 242, 3, 2242),
(9, 243, 3, 2243),
(9, 244, 2, 2244),
(9, 245, 4, 2245),
(9, 246, 3, 2246),
(9, 247, 5, 2247),
(9, 248, 2, 2248),
(9, 249, 5, 2249),
(9, 250, 1, 2250),
(10, 1, 3, 2251),
(10, 2, 1, 2252),
(10, 3, 1, 2253),
(10, 4, 3, 2254),
(10, 5, 5, 2255),
(10, 6, 3, 2256),
(10, 7, 2, 2257),
(10, 8, 5, 2258),
(10, 9, 2, 2259),
(10, 10, 5, 2260),
(10, 11, 1, 2261),
(10, 12, 1, 2262),
(10, 13, 1, 2263),
(10, 14, 4, 2264),
(10, 15, 1, 2265),
(10, 16, 5, 2266),
(10, 17, 1, 2267),
(10, 18, 1, 2268),
(10, 19, 4, 2269),
(10, 20, 5, 2270),
(10, 21, 5, 2271),
(10, 22, 2, 2272),
(10, 23, 4, 2273),
(10, 24, 1, 2274),
(10, 25, 3, 2275),
(10, 26, 5, 2276),
(10, 27, 2, 2277),
(10, 28, 5, 2278),
(10, 29, 4, 2279),
(10, 30, 4, 2280),
(10, 31, 5, 2281),
(10, 32, 5, 2282),
(10, 33, 3, 2283),
(10, 34, 2, 2284),
(10, 35, 1, 2285),
(10, 36, 2, 2286),
(10, 37, 4, 2287),
(10, 38, 1, 2288),
(10, 39, 4, 2289),
(10, 40, 2, 2290),
(10, 41, 1, 2291),
(10, 42, 3, 2292),
(10, 43, 4, 2293),
(10, 44, 2, 2294),
(10, 45, 2, 2295),
(10, 46, 4, 2296),
(10, 47, 5, 2297),
(10, 48, 4, 2298),
(10, 49, 2, 2299),
(10, 50, 1, 2300),
(10, 51, 1, 2301),
(10, 52, 3, 2302),
(10, 53, 2, 2303),
(10, 54, 3, 2304),
(10, 55, 4, 2305),
(10, 56, 2, 2306),
(10, 57, 1, 2307),
(10, 58, 4, 2308),
(10, 59, 3, 2309),
(10, 60, 5, 2310),
(10, 61, 4, 2311),
(10, 62, 5, 2312),
(10, 63, 1, 2313),
(10, 64, 4, 2314),
(10, 65, 1, 2315),
(10, 66, 2, 2316),
(10, 67, 5, 2317),
(10, 68, 4, 2318),
(10, 69, 2, 2319),
(10, 70, 5, 2320),
(10, 71, 1, 2321),
(10, 72, 2, 2322),
(10, 73, 1, 2323),
(10, 74, 5, 2324),
(10, 75, 1, 2325),
(10, 76, 4, 2326),
(10, 77, 3, 2327),
(10, 78, 1, 2328),
(10, 79, 4, 2329),
(10, 80, 2, 2330),
(10, 81, 2, 2331),
(10, 82, 3, 2332),
(10, 83, 3, 2333),
(10, 84, 4, 2334),
(10, 85, 1, 2335),
(10, 86, 3, 2336),
(10, 87, 1, 2337),
(10, 88, 4, 2338),
(10, 89, 4, 2339),
(10, 90, 2, 2340),
(10, 91, 3, 2341),
(10, 92, 4, 2342),
(10, 93, 5, 2343),
(10, 94, 4, 2344),
(10, 95, 1, 2345),
(10, 96, 2, 2346),
(10, 97, 4, 2347),
(10, 98, 2, 2348),
(10, 99, 2, 2349),
(10, 100, 1, 2350),
(10, 101, 2, 2351),
(10, 102, 2, 2352),
(10, 103, 2, 2353),
(10, 104, 5, 2354),
(10, 105, 3, 2355),
(10, 106, 3, 2356),
(10, 107, 5, 2357),
(10, 108, 2, 2358),
(10, 109, 1, 2359),
(10, 110, 2, 2360),
(10, 111, 2, 2361),
(10, 112, 3, 2362),
(10, 113, 3, 2363),
(10, 114, 1, 2364),
(10, 115, 2, 2365),
(10, 116, 1, 2366),
(10, 117, 3, 2367),
(10, 118, 4, 2368),
(10, 119, 1, 2369),
(10, 120, 3, 2370),
(10, 121, 3, 2371),
(10, 122, 1, 2372),
(10, 123, 2, 2373),
(10, 124, 2, 2374),
(10, 125, 5, 2375),
(10, 126, 1, 2376),
(10, 127, 1, 2377),
(10, 128, 4, 2378),
(10, 129, 4, 2379),
(10, 130, 3, 2380),
(10, 131, 4, 2381),
(10, 132, 4, 2382),
(10, 133, 5, 2383),
(10, 134, 2, 2384),
(10, 135, 4, 2385),
(10, 136, 4, 2386),
(10, 137, 2, 2387),
(10, 138, 1, 2388),
(10, 139, 2, 2389),
(10, 140, 3, 2390),
(10, 141, 2, 2391),
(10, 142, 1, 2392),
(10, 143, 2, 2393),
(10, 144, 3, 2394),
(10, 145, 4, 2395),
(10, 146, 4, 2396),
(10, 147, 3, 2397),
(10, 148, 1, 2398),
(10, 149, 5, 2399),
(10, 150, 5, 2400),
(10, 151, 4, 2401),
(10, 152, 1, 2402),
(10, 153, 5, 2403),
(10, 154, 1, 2404),
(10, 155, 4, 2405),
(10, 156, 3, 2406),
(10, 157, 1, 2407),
(10, 158, 1, 2408),
(10, 159, 3, 2409),
(10, 160, 5, 2410),
(10, 161, 1, 2411),
(10, 162, 3, 2412),
(10, 163, 3, 2413),
(10, 164, 3, 2414),
(10, 165, 1, 2415),
(10, 166, 3, 2416),
(10, 167, 1, 2417),
(10, 168, 1, 2418),
(10, 169, 1, 2419),
(10, 170, 1, 2420),
(10, 171, 5, 2421),
(10, 172, 2, 2422),
(10, 173, 3, 2423),
(10, 174, 3, 2424),
(10, 175, 4, 2425),
(10, 176, 5, 2426),
(10, 177, 3, 2427),
(10, 178, 3, 2428),
(10, 179, 1, 2429),
(10, 180, 1, 2430),
(10, 181, 2, 2431),
(10, 182, 3, 2432),
(10, 183, 1, 2433),
(10, 184, 5, 2434),
(10, 185, 4, 2435),
(10, 186, 4, 2436),
(10, 187, 3, 2437),
(10, 188, 4, 2438),
(10, 189, 3, 2439),
(10, 190, 3, 2440),
(10, 191, 4, 2441),
(10, 192, 5, 2442),
(10, 193, 1, 2443),
(10, 194, 5, 2444),
(10, 195, 5, 2445),
(10, 196, 3, 2446),
(10, 197, 5, 2447),
(10, 198, 2, 2448),
(10, 199, 5, 2449),
(10, 200, 5, 2450),
(10, 201, 5, 2451),
(10, 202, 5, 2452),
(10, 203, 3, 2453),
(10, 204, 4, 2454),
(10, 205, 5, 2455),
(10, 206, 1, 2456),
(10, 207, 1, 2457),
(10, 208, 5, 2458),
(10, 209, 1, 2459),
(10, 210, 5, 2460),
(10, 211, 3, 2461),
(10, 212, 5, 2462),
(10, 213, 3, 2463),
(10, 214, 4, 2464),
(10, 215, 2, 2465),
(10, 216, 3, 2466),
(10, 217, 1, 2467),
(10, 218, 4, 2468),
(10, 219, 4, 2469),
(10, 220, 4, 2470),
(10, 221, 3, 2471),
(10, 222, 3, 2472),
(10, 223, 2, 2473),
(10, 224, 5, 2474),
(10, 225, 2, 2475),
(10, 226, 2, 2476),
(10, 227, 4, 2477),
(10, 228, 3, 2478),
(10, 229, 1, 2479),
(10, 230, 3, 2480),
(10, 231, 5, 2481),
(10, 232, 2, 2482),
(10, 233, 1, 2483),
(10, 234, 5, 2484),
(10, 235, 5, 2485),
(10, 236, 1, 2486),
(10, 237, 5, 2487),
(10, 238, 5, 2488),
(10, 239, 4, 2489),
(10, 240, 1, 2490),
(10, 241, 5, 2491),
(10, 242, 5, 2492),
(10, 243, 4, 2493),
(10, 244, 3, 2494),
(10, 245, 5, 2495),
(10, 246, 4, 2496),
(10, 247, 5, 2497),
(10, 248, 3, 2498),
(10, 249, 1, 2499),
(10, 250, 1, 2500);

-- --------------------------------------------------------

--
-- Table structure for table `studios`
--

CREATE TABLE `studios` (
  `id` int(11) NOT NULL,
  `name` varchar(100) DEFAULT NULL
) ENGINE=InnoDB DEFAULT CHARSET=latin1;

--
-- Dumping data for table `studios`
--

INSERT INTO `studios` (`id`, `name`) VALUES
(99, '21 Laps Entertainment'),
(127, 'A.G. Films'),
(79, 'Aamir Khan Productions'),
(208, 'Act III Communications'),
(232, 'Alcon Entertainment'),
(72, 'Alfred J. Hitchcock Productions'),
(207, 'Altavista Films'),
(88, 'AMLF'),
(130, 'Anjum Rizvi Film Company'),
(129, 'ArtCam'),
(78, 'Artisan Entertainment'),
(108, 'Asghar Farhadi'),
(116, 'Ashton Productions'),
(81, 'Avsar Film'),
(69, 'Bavaria Film'),
(110, 'Be Gentlemen Limited Partnership'),
(249, 'Beijing ShengShi HuaRei Film Investment & Management Co.'),
(182, 'Belarusfilm'),
(248, 'Big Farm'),
(247, 'Black Bear Pictures'),
(45, 'Bold Films'),
(51, 'Brandywine Productions'),
(152, 'Brooksfilms'),
(57, 'Bryna Productions'),
(143, 'Buena Vista Home Entertainment'),
(151, 'Buster Keaton Productions'),
(239, 'Canal+'),
(41, 'Carolco Pictures'),
(1, 'Castle Rock Entertainment'),
(22, 'Cecchi Gori Pictures'),
(166, 'Channel Four Films'),
(35, 'Charles Chaplin Productions'),
(121, 'Chartoff-Winkler Productions'),
(227, 'Cineriz'),
(214, 'CJ Entertainment'),
(77, 'Claudie Ossard Productions'),
(52, 'Columbia Pictures Corporation'),
(191, 'Compagnie Industrielle et Commerciale Cinématographique (CICC)'),
(120, 'Constantin Film Produktion'),
(201, 'Corner Producciones'),
(56, 'Cristaldifilm'),
(103, 'Daiei Motion Picture Company'),
(107, 'Danmarks Radio (DR)'),
(64, 'DENTSU Music And Entertainment'),
(241, 'Dimension Films'),
(189, 'Dino de Laurentiis Cinematografica'),
(174, 'DreamWorks Animation'),
(29, 'DreamWorks SKG'),
(244, 'Ealing Studios'),
(70, 'Edward Small Productions'),
(66, 'Egg Films'),
(135, 'Element Pictures'),
(165, 'EMI Films'),
(131, 'Estudios Picasso'),
(185, 'Exclusive Media Group'),
(16, 'Fantasy Films'),
(188, 'Filmco International Productions'),
(223, 'Filmsonor'),
(87, 'Focus Features'),
(10, 'Fox 2000 Pictures'),
(158, 'Fox Film Corporation'),
(205, 'Fox Searchlight Pictures'),
(27, 'Gaumont'),
(136, 'Greenwich Film Productions'),
(184, 'HandMade Films'),
(196, 'Hell''s Kitchen Films'),
(187, 'Hemdale'),
(172, 'Hollywood Pictures'),
(84, 'Horizon Pictures (II)'),
(76, 'Icon Entertainment International'),
(242, 'Igor Film'),
(221, 'International Film Investors'),
(171, 'Jalem Productions'),
(250, 'Jar Pictures'),
(112, 'Kurosawa Production Co.'),
(67, 'Ladd Company, The'),
(199, 'Les Films du Carrosse'),
(24, 'Liberty Films (II)'),
(155, 'Lionsgate'),
(75, 'Live Entertainment'),
(119, 'London Film Productions'),
(12, 'Lucasfilm'),
(161, 'Matten Productions'),
(236, 'Media Asia Films'),
(26, 'Melampo Cinematografica'),
(179, 'Melodrama Pictures'),
(71, 'Metro-Goldwyn-Mayer (MGM)'),
(98, 'Michael White Productions'),
(156, 'micro_scope'),
(7, 'Miramax'),
(124, 'Mirisch Company, The'),
(105, 'Mirisch Corporation, The'),
(213, 'Mosfilm'),
(89, 'Natant'),
(74, 'Nero-Film AG'),
(8, 'New Line Cinema'),
(47, 'Newmarket Capital Group'),
(211, 'Nibariki'),
(21, 'O2 Filmes'),
(5, 'Orion-Nova Productions'),
(225, 'Pandora Cinema'),
(160, 'Panorama Studios'),
(2, 'Paramount Pictures'),
(175, 'Paramount Vantage'),
(193, 'Participant Media'),
(235, 'Peregrine'),
(61, 'Pixar Animation Studios'),
(25, 'PolyGram Filmed Entertainment'),
(92, 'Produzioni De Sica (PDS)'),
(9, 'Produzioni Europee Associati (PEA)'),
(38, 'Quad Productions'),
(42, 'R.P. Productions'),
(30, 'Rafran Cinematografica'),
(159, 'Red Granite Pictures'),
(100, 'Regency Enterprises'),
(68, 'RKO Radio Pictures'),
(218, 'Rollins-Joffe Productions'),
(147, 'ROMP'),
(148, 'Roxlom Films Inc.'),
(238, 'Samuel Goldwyn Company, The'),
(167, 'Selznick International Pictures'),
(34, 'Shamley Productions'),
(60, 'Shinchosha Company'),
(163, 'Shôchiku Eiga'),
(154, 'Société générale des films'),
(210, 'Stage 6 Films'),
(23, 'Strong Heart/Demme Production'),
(144, 'Summit Entertainment'),
(142, 'Svensk Filmindustri (SF)'),
(123, 'The Institute for the Intellectual Development of Children & Young Adults'),
(19, 'Toho Company'),
(133, 'Tokuma Japan Communications'),
(28, 'Tokuma Shoten'),
(139, 'Tornasol Films'),
(49, 'Touchstone Pictures'),
(65, 'Twentieth Century Fox Film Corporation'),
(186, 'United Artists'),
(149, 'United Producers'),
(85, 'Universal International Pictures (UI)'),
(6, 'Universal Pictures'),
(109, 'Universum Film (UFA)'),
(200, 'UTV Spotboy'),
(113, 'Vinay Pictures'),
(102, 'Vinod Chopra Productions'),
(50, 'Walt Disney Pictures'),
(4, 'Warner Bros.'),
(198, 'Warner Bros. Pictures'),
(58, 'Weinstein Company, The'),
(55, 'Wiedemann & Berg Filmproduktion'),
(212, 'Yash Raj Films International Ltd.'),
(90, 'Zanuck/Brown Productions'),
(48, 'Zoetrope Studios');

-- --------------------------------------------------------

--
-- Table structure for table `users`
--

CREATE TABLE `users` (
  `id` int(11) NOT NULL,
  `uname` varchar(30) NOT NULL,
  `pass` varchar(60) DEFAULT NULL
) ENGINE=InnoDB DEFAULT CHARSET=latin1;

--
-- Dumping data for table `users`
--

INSERT INTO `users` (`id`, `uname`, `pass`) VALUES
(1, 'user1', '$2y$10$nW65OFkwgCgFIBmczWSdi.mgc67Kl4BKBAPsEqOou6aFMSvixJIVW'),
(10, 'user10', '$2y$10$ckgOlQfsJ1O.cE5Qnzi1iubIHcGGEAbB8.Jwsm8F68bJCFqiVFAlu'),
(2, 'user2', '$2y$10$jIsRYBGu.Gz7B5/aj3MYe.4qwTeUSPgXIxopsYWswrYrVstDLHD16'),
(3, 'user3', '$2y$10$OkldRQ4ku7ArWeXpqMi/Ou4M1kty5wZwMXoWrib/.IzhZXq2PJWUe'),
(4, 'user4', '$2y$10$BvHKmO8z0U5AKS.AfMnVfuEXuxuNKiMT/xRHL8aMYB6l3W6ILnFGK'),
(5, 'user5', '$2y$10$/.c/Be8DC8SMAOGRgBEYJOtZK8WuDKSH.2TvXSY5BGTJ.MjrUHLGC'),
(6, 'user6', '$2y$10$jc57Z3Eusc738vfHfV3v5ePbbR1kaG3/ZgtJ0eySAUYdi/TPCbD/W'),
(7, 'user7', '$2y$10$H2AS791ttsab.1zQ3dnUjepPzx3jBg35j/T5tK25x591.SDyy438a'),
(8, 'user8', '$2y$10$8RMwQNcwCPPbXgIfQ6VZAOdn9r4dtZxoVgm2mw8PbhqkI4/tokZu2'),
(9, 'user9', '$2y$10$BD9dSNiIfMh0JxZ.G6uBKeFkND0xDD.xm/ussh0UUdlfa/wRm3eTO');

--
-- Indexes for dumped tables
--

--
-- Indexes for table `actedin`
--
ALTER TABLE `actedin`
  ADD PRIMARY KEY (`mid`,`aid`),
  ADD KEY `aid` (`aid`);

--
-- Indexes for table `actors`
--
ALTER TABLE `actors`
  ADD PRIMARY KEY (`id`),
  ADD UNIQUE KEY `name` (`name`);

--
-- Indexes for table `directed`
--
ALTER TABLE `directed`
  ADD PRIMARY KEY (`mid`),
  ADD KEY `directed_ibfk_1` (`did`);

--
-- Indexes for table `directors`
--
ALTER TABLE `directors`
  ADD PRIMARY KEY (`id`),
  ADD UNIQUE KEY `name` (`name`);

--
-- Indexes for table `movies`
--
ALTER TABLE `movies`
  ADD PRIMARY KEY (`id`);

--
-- Indexes for table `produced`
--
ALTER TABLE `produced`
  ADD PRIMARY KEY (`mid`),
  ADD KEY `produced_ibfk_1` (`sid`);

--
-- Indexes for table `rated`
--
ALTER TABLE `rated`
  ADD PRIMARY KEY (`uid`,`mid`),
  ADD UNIQUE KEY `entry` (`entry`),
  ADD KEY `mid` (`mid`);

--
-- Indexes for table `studios`
--
ALTER TABLE `studios`
  ADD PRIMARY KEY (`id`),
  ADD UNIQUE KEY `name` (`name`);

--
-- Indexes for table `users`
--
ALTER TABLE `users`
  ADD PRIMARY KEY (`uname`),
  ADD UNIQUE KEY `id` (`id`);

--
-- AUTO_INCREMENT for dumped tables
--

--
-- AUTO_INCREMENT for table `actors`
--
ALTER TABLE `actors`
  MODIFY `id` int(11) NOT NULL AUTO_INCREMENT, AUTO_INCREMENT=3583;
--
-- AUTO_INCREMENT for table `directors`
--
ALTER TABLE `directors`
  MODIFY `id` int(11) NOT NULL AUTO_INCREMENT, AUTO_INCREMENT=251;
--
-- AUTO_INCREMENT for table `movies`
--
ALTER TABLE `movies`
  MODIFY `id` int(11) NOT NULL AUTO_INCREMENT, AUTO_INCREMENT=251;
--
-- AUTO_INCREMENT for table `rated`
--
ALTER TABLE `rated`
  MODIFY `entry` int(11) NOT NULL AUTO_INCREMENT, AUTO_INCREMENT=2502;
--
-- AUTO_INCREMENT for table `studios`
--
ALTER TABLE `studios`
  MODIFY `id` int(11) NOT NULL AUTO_INCREMENT, AUTO_INCREMENT=251;
--
-- AUTO_INCREMENT for table `users`
--
ALTER TABLE `users`
  MODIFY `id` int(11) NOT NULL AUTO_INCREMENT, AUTO_INCREMENT=11;
--
-- Constraints for dumped tables
--

--
-- Constraints for table `actedin`
--
ALTER TABLE `actedin`
  ADD CONSTRAINT `actedin_ibfk_1` FOREIGN KEY (`mid`) REFERENCES `movies` (`id`) ON DELETE CASCADE ON UPDATE CASCADE,
  ADD CONSTRAINT `actedin_ibfk_2` FOREIGN KEY (`aid`) REFERENCES `actors` (`id`) ON DELETE CASCADE ON UPDATE CASCADE;

--
-- Constraints for table `directed`
--
ALTER TABLE `directed`
  ADD CONSTRAINT `directed_ibfk_1` FOREIGN KEY (`did`) REFERENCES `directors` (`id`) ON DELETE CASCADE ON UPDATE CASCADE,
  ADD CONSTRAINT `directed_ibfk_2` FOREIGN KEY (`mid`) REFERENCES `movies` (`id`) ON DELETE CASCADE ON UPDATE CASCADE;

--
-- Constraints for table `produced`
--
ALTER TABLE `produced`
  ADD CONSTRAINT `produced_ibfk_1` FOREIGN KEY (`sid`) REFERENCES `studios` (`id`) ON DELETE CASCADE ON UPDATE CASCADE,
  ADD CONSTRAINT `produced_ibfk_2` FOREIGN KEY (`mid`) REFERENCES `movies` (`id`) ON DELETE CASCADE ON UPDATE CASCADE;

--
-- Constraints for table `rated`
--
ALTER TABLE `rated`
  ADD CONSTRAINT `rated_ibfk_1` FOREIGN KEY (`uid`) REFERENCES `users` (`id`) ON DELETE CASCADE ON UPDATE CASCADE,
  ADD CONSTRAINT `rated_ibfk_2` FOREIGN KEY (`mid`) REFERENCES `movies` (`id`) ON DELETE CASCADE ON UPDATE CASCADE;

/*!40101 SET CHARACTER_SET_CLIENT=@OLD_CHARACTER_SET_CLIENT */;
/*!40101 SET CHARACTER_SET_RESULTS=@OLD_CHARACTER_SET_RESULTS */;
/*!40101 SET COLLATION_CONNECTION=@OLD_COLLATION_CONNECTION */;
